--
-- PostgreSQL database dump
--

-- Dumped from database version 17.5
-- Dumped by pg_dump version 17.5

SET statement_timeout = 0;
SET lock_timeout = 0;
SET idle_in_transaction_session_timeout = 0;
SET transaction_timeout = 0;
SET client_encoding = 'UTF8';
SET standard_conforming_strings = on;
SELECT pg_catalog.set_config('search_path', '', false);
SET check_function_bodies = false;
SET xmloption = content;
SET client_min_messages = warning;
SET row_security = off;

--
-- Name: uuid-ossp; Type: EXTENSION; Schema: -; Owner: -
--

CREATE EXTENSION IF NOT EXISTS "uuid-ossp" WITH SCHEMA public;


--
-- Name: EXTENSION "uuid-ossp"; Type: COMMENT; Schema: -; Owner: -
--

COMMENT ON EXTENSION "uuid-ossp" IS 'generate universally unique identifiers (UUIDs)';


SET default_tablespace = '';

SET default_table_access_method = heap;

--
-- Name: appointments; Type: TABLE; Schema: public; Owner: -
--

CREATE TABLE public.appointments (
    id uuid DEFAULT public.uuid_generate_v4() NOT NULL,
    sync_request_id uuid NOT NULL,
    user_id uuid NOT NULL,
    pm_appointment_id text NOT NULL,
    patient_id uuid NOT NULL,
    appointment_date date NOT NULL,
    starts_at timestamp with time zone,
    provider_name text,
    status text,
    reason text,
    raw_payload jsonb,
    created_at timestamp with time zone DEFAULT now() NOT NULL,
    updated_at timestamp with time zone DEFAULT now() NOT NULL
);


--
-- Name: availity_credentials; Type: TABLE; Schema: public; Owner: -
--

CREATE TABLE public.availity_credentials (
    user_id uuid NOT NULL,
    username text NOT NULL,
    password text NOT NULL,
    created_at timestamp with time zone DEFAULT now() NOT NULL,
    updated_at timestamp with time zone DEFAULT now() NOT NULL
);


--
-- Name: availity_eligibility_results; Type: TABLE; Schema: public; Owner: -
--

CREATE TABLE public.availity_eligibility_results (
    id uuid DEFAULT public.uuid_generate_v4() NOT NULL,
    run_id uuid NOT NULL,
    coverage_status_text text,
    is_active boolean,
    member_id text,
    payer_id text,
    patient_name_on_file text,
    benefit_line text,
    date_of_service text,
    transaction_date text,
    insurance_type text,
    plan_product text,
    coverage_level text,
    raw_snapshot jsonb,
    created_at timestamp with time zone DEFAULT now() NOT NULL,
    copay_amount numeric(12,2),
    deductible_amount numeric(12,2),
    coinsurance text,
    oop_remaining numeric(12,2)
);


--
-- Name: availity_eligibility_runs; Type: TABLE; Schema: public; Owner: -
--

CREATE TABLE public.availity_eligibility_runs (
    id uuid DEFAULT public.uuid_generate_v4() NOT NULL,
    user_id uuid NOT NULL,
    patient_id uuid NOT NULL,
    coverage_rank smallint DEFAULT 1 NOT NULL,
    payer_name_used text,
    member_id_used text,
    started_at timestamp with time zone DEFAULT now() NOT NULL,
    finished_at timestamp with time zone,
    status text DEFAULT 'running'::text NOT NULL,
    message text,
    CONSTRAINT availity_eligibility_runs_status_check CHECK ((status = ANY (ARRAY['running'::text, 'success'::text, 'failed'::text])))
);


--
-- Name: office_ally_credentials; Type: TABLE; Schema: public; Owner: -
--

CREATE TABLE public.office_ally_credentials (
    user_id uuid NOT NULL,
    username text NOT NULL,
    password text NOT NULL,
    created_at timestamp with time zone DEFAULT now() NOT NULL,
    updated_at timestamp with time zone DEFAULT now() NOT NULL
);


--
-- Name: patient_insurance; Type: TABLE; Schema: public; Owner: -
--

CREATE TABLE public.patient_insurance (
    id uuid DEFAULT public.uuid_generate_v4() NOT NULL,
    patient_id uuid NOT NULL,
    coverage_rank smallint DEFAULT 1 NOT NULL,
    payer_name text,
    member_id text,
    plan_name text,
    group_number text,
    relationship text,
    raw_payload jsonb,
    created_at timestamp with time zone DEFAULT now() NOT NULL,
    updated_at timestamp with time zone DEFAULT now() NOT NULL
);


--
-- Name: patients; Type: TABLE; Schema: public; Owner: -
--

CREATE TABLE public.patients (
    id uuid DEFAULT public.uuid_generate_v4() NOT NULL,
    user_id uuid NOT NULL,
    pm_patient_id text NOT NULL,
    first_name text,
    last_name text,
    date_of_birth date,
    phone_primary text,
    email text,
    raw_payload jsonb,
    created_at timestamp with time zone DEFAULT now() NOT NULL,
    updated_at timestamp with time zone DEFAULT now() NOT NULL
);


--
-- Name: sync_requests; Type: TABLE; Schema: public; Owner: -
--

CREATE TABLE public.sync_requests (
    id uuid DEFAULT public.uuid_generate_v4() NOT NULL,
    user_id uuid NOT NULL,
    appointment_date date NOT NULL,
    status text DEFAULT 'pending'::text NOT NULL,
    started_at timestamp with time zone,
    finished_at timestamp with time zone,
    message text,
    created_at timestamp with time zone DEFAULT now() NOT NULL,
    current_stage text,
    CONSTRAINT sync_requests_status_check CHECK ((status = ANY (ARRAY['pending'::text, 'running'::text, 'awaiting_otp'::text, 'success'::text, 'failed'::text])))
);


--
-- Name: users; Type: TABLE; Schema: public; Owner: -
--

CREATE TABLE public.users (
    id uuid DEFAULT public.uuid_generate_v4() NOT NULL,
    email text NOT NULL,
    full_name text NOT NULL,
    password_hash text NOT NULL,
    is_active boolean DEFAULT true NOT NULL,
    created_at timestamp with time zone DEFAULT now() NOT NULL,
    updated_at timestamp with time zone DEFAULT now() NOT NULL,
    role text DEFAULT 'staff'::text NOT NULL,
    CONSTRAINT users_role_check CHECK ((role = ANY (ARRAY['admin'::text, 'doctor'::text, 'staff'::text, 'reception'::text])))
);


--
-- Data for Name: appointments; Type: TABLE DATA; Schema: public; Owner: -
--

COPY public.appointments (id, sync_request_id, user_id, pm_appointment_id, patient_id, appointment_date, starts_at, provider_name, status, reason, raw_payload, created_at, updated_at) FROM stdin;
bc125b20-178d-4581-8799-6badf860f444	080ab273-3dbf-4e86-813f-f6a1d446bba2	a5d1ded1-54cb-4e34-bec7-1194033ceae3	627649595	89e9416c-496a-4397-8fed-e05113c5f7b3	2026-04-23	\N	Adriene Taulbee	Active	New Patient	{"Time": "08::00", "Reason": "New Patient", "Status": "Active", "Provider": "Adriene Taulbee", "Last Name": "Alexander", "First Name": "Katherine", "Patient ID": "155304246", "PatientUrl": "https://pm.officeally.com/pm/ManagePatients/EditPatient.aspx?Tab=P&PageAction=edit&PID=155304246&From=ViewAppointments", "RawPatient": "Alexander, Katherine", "Visit Length": "15 mins", "Date Of Birth": "8/2/1997", "Appointment ID": "627649595", "patientDetails": {"patientTab": {"dob": "8/2/1997", "fax": "", "sex": "Female", "zip": "19104", "city": "Philadelphia", "race": "Select Race(s)", "email": "", "state": "PA", "lastName": "Alexander", "religion": "", "cellPhone": "", "ethnicity": "Select Ethnicity", "firstName": "Katherine", "homePhone": "", "patientId": "155304246", "workPhone": "", "middleName": "", "addressLine1": "4319 Pine Street", "addressLine2": "", "employerName": "", "maritalStatus": "Married", "nextOfKinName": "", "preferredPhone": "", "employmentStatus": "", "nextOfKinRelation": "", "preferredLanguage": "", "professionalTitle": "", "emergencyContactName": "", "communicationPreference": "", "emergencyContactRelation": ""}, "insuranceTab": {"thirdInsurance": {"groupNo": "", "planName": "", "insuredId": "", "deductible": "", "visitCopay": "", "subscriberId": "", "insuranceName": "", "insuranceType": "Select Patient Insurance Type/Source of Payment", "insuredLastName": "", "insuredFirstName": "", "insuranceCompanyId": "", "relationshipToInsured": "-- select one --"}, "primaryInsurance": {"groupNo": "", "planName": "", "insuredId": "155304246", "deductible": "", "visitCopay": "", "subscriberId": "W295286861", "insuranceName": "Aetna", "insuranceType": "Select Patient Insurance Type/Source of Payment", "signatureDate": "1/8/2026", "insuredLastName": "Alexander", "signatureOnFile": "Yes", "insuredFirstName": "Katherine", "insuranceCompanyId": "9574580", "relationshipToInsured": "Self"}, "secondaryInsurance": {"groupNo": "", "planName": "", "insuredId": "", "deductible": "", "visitCopay": "", "subscriberId": "", "insuranceName": "", "insuranceType": "Select Patient Insurance Type/Source of Payment", "signatureDate": "1/1/1900", "insuredLastName": "", "signatureOnFile": "No", "insuredFirstName": "", "insuranceCompanyId": "", "relationshipToInsured": "-- select one --"}}}}	2026-04-26 03:28:16.884865+05	2026-04-26 03:34:40.047083+05
9ba5830e-90f6-4122-b306-9b92c9d1e019	080ab273-3dbf-4e86-813f-f6a1d446bba2	a5d1ded1-54cb-4e34-bec7-1194033ceae3	627649622	9d46a0f2-d240-4405-8233-774bc2bd70eb	2026-04-23	\N	Adriene Taulbee	Active	New Patient	{"Time": "::15", "Reason": "New Patient", "Status": "Active", "Provider": "Adriene Taulbee", "Last Name": "Anderson", "First Name": "Anayah", "Patient ID": "155296034", "PatientUrl": "https://pm.officeally.com/pm/ManagePatients/EditPatient.aspx?Tab=P&PageAction=edit&PID=155296034&From=ViewAppointments", "RawPatient": "Anderson, Anayah", "Visit Length": "15 mins", "Date Of Birth": "8/7/2001", "Appointment ID": "627649622", "patientDetails": {"patientTab": {"dob": "8/7/2001", "fax": "", "sex": "Male", "zip": "77469", "city": "RICHMOND", "race": "Select Race(s)", "email": "", "state": "TX", "lastName": "Anderson", "religion": "", "cellPhone": "", "ethnicity": "Select Ethnicity", "firstName": "Anayah", "homePhone": "", "patientId": "155296034", "workPhone": "", "middleName": "", "addressLine1": "5810 carta valley lane", "addressLine2": "", "employerName": "", "maritalStatus": "Married", "nextOfKinName": "", "preferredPhone": "", "employmentStatus": "", "nextOfKinRelation": "", "preferredLanguage": "", "professionalTitle": "", "emergencyContactName": "", "communicationPreference": "", "emergencyContactRelation": ""}, "insuranceTab": {"thirdInsurance": {"groupNo": "", "planName": "", "insuredId": "", "deductible": "", "visitCopay": "", "subscriberId": "", "insuranceName": "", "insuranceType": "Select Patient Insurance Type/Source of Payment", "insuredLastName": "", "insuredFirstName": "", "insuranceCompanyId": "", "relationshipToInsured": "-- select one --"}, "primaryInsurance": {"groupNo": "", "planName": "", "insuredId": "155296034", "deductible": "", "visitCopay": "", "subscriberId": "W268758807", "insuranceName": "Aetna", "insuranceType": "Select Patient Insurance Type/Source of Payment", "signatureDate": "1/8/2026", "insuredLastName": "Anderson", "signatureOnFile": "Yes", "insuredFirstName": "Anayah", "insuranceCompanyId": "9574580", "relationshipToInsured": "Self"}, "secondaryInsurance": {"groupNo": "", "planName": "", "insuredId": "", "deductible": "", "visitCopay": "", "subscriberId": "", "insuranceName": "", "insuranceType": "Select Patient Insurance Type/Source of Payment", "signatureDate": "1/1/1900", "insuredLastName": "", "signatureOnFile": "No", "insuredFirstName": "", "insuranceCompanyId": "", "relationshipToInsured": "-- select one --"}}}}	2026-04-26 03:28:16.884865+05	2026-04-26 03:34:40.047083+05
60210467-f01d-4898-ab0e-40d4e8936152	080ab273-3dbf-4e86-813f-f6a1d446bba2	a5d1ded1-54cb-4e34-bec7-1194033ceae3	627649623	a1ae5215-d77a-41aa-88c3-3bb8a4c0a7b0	2026-04-23	\N	Adriene Taulbee	Active	New Patient	{"Time": "::30", "Reason": "New Patient", "Status": "Active", "Provider": "Adriene Taulbee", "Last Name": "Beecken", "First Name": "Cody", "Patient ID": "155304570", "PatientUrl": "https://pm.officeally.com/pm/ManagePatients/EditPatient.aspx?Tab=P&PageAction=edit&PID=155304570&From=ViewAppointments", "RawPatient": "Beecken, Cody", "Visit Length": "15 mins", "Date Of Birth": "2/16/1995", "Appointment ID": "627649623", "patientDetails": {"patientTab": {"dob": "2/16/1995", "fax": "", "sex": "Female", "zip": "79714", "city": "ANDREWS", "race": "Select Race(s)", "email": "", "state": "TX", "lastName": "Beecken", "religion": "", "cellPhone": "", "ethnicity": "Select Ethnicity", "firstName": "Cody", "homePhone": "", "patientId": "155304570", "workPhone": "", "middleName": "", "addressLine1": "1201 Redwood Dr", "addressLine2": "", "employerName": "", "maritalStatus": "Married", "nextOfKinName": "", "preferredPhone": "", "employmentStatus": "", "nextOfKinRelation": "", "preferredLanguage": "", "professionalTitle": "", "emergencyContactName": "", "communicationPreference": "", "emergencyContactRelation": ""}, "insuranceTab": {"thirdInsurance": {"groupNo": "", "planName": "", "insuredId": "", "deductible": "", "visitCopay": "", "subscriberId": "", "insuranceName": "", "insuranceType": "Select Patient Insurance Type/Source of Payment", "insuredLastName": "", "insuredFirstName": "", "insuranceCompanyId": "", "relationshipToInsured": "-- select one --"}, "primaryInsurance": {"groupNo": "", "planName": "", "insuredId": "155304570", "deductible": "", "visitCopay": "", "subscriberId": "W272552286", "insuranceName": "Aetna", "insuranceType": "Select Patient Insurance Type/Source of Payment", "signatureDate": "1/8/2026", "insuredLastName": "Beecken", "signatureOnFile": "Yes", "insuredFirstName": "Cody", "insuranceCompanyId": "9574580", "relationshipToInsured": "Self"}, "secondaryInsurance": {"groupNo": "", "planName": "", "insuredId": "", "deductible": "", "visitCopay": "", "subscriberId": "", "insuranceName": "", "insuranceType": "Select Patient Insurance Type/Source of Payment", "signatureDate": "1/1/1900", "insuredLastName": "", "signatureOnFile": "No", "insuredFirstName": "", "insuranceCompanyId": "", "relationshipToInsured": "-- select one --"}}}}	2026-04-26 03:28:16.884865+05	2026-04-26 03:34:40.047083+05
08dbf6f6-9b68-4501-a234-64dc2741ec83	080ab273-3dbf-4e86-813f-f6a1d446bba2	a5d1ded1-54cb-4e34-bec7-1194033ceae3	627649625	45625d78-ab5d-4993-b323-ade096650c78	2026-04-23	\N	Adriene Taulbee	Active	New Patient	{"Time": "::45", "Reason": "New Patient", "Status": "Active", "Provider": "Adriene Taulbee", "Last Name": "Akbas", "First Name": "Senem", "Patient ID": "151431255", "PatientUrl": "https://pm.officeally.com/pm/ManagePatients/EditPatient.aspx?Tab=P&PageAction=edit&PID=151431255&From=ViewAppointments", "RawPatient": "Akbas, Senem", "Visit Length": "15 mins", "Date Of Birth": "3/14/1980", "Appointment ID": "627649625", "patientDetails": {"patientTab": {"dob": "3/14/1980", "fax": "", "sex": "Female", "zip": "94303", "city": "Palo Alto", "race": "Select Race(s)", "email": "", "state": "CA", "lastName": "Akbas", "religion": "", "cellPhone": "", "ethnicity": "Select Ethnicity", "firstName": "Senem", "homePhone": "", "patientId": "151431255", "workPhone": "", "middleName": "", "addressLine1": "1075 Moreno Avenue", "addressLine2": "", "employerName": "", "maritalStatus": "Other", "nextOfKinName": "", "preferredPhone": "", "employmentStatus": "", "nextOfKinRelation": "", "preferredLanguage": "", "professionalTitle": "", "emergencyContactName": "", "communicationPreference": "", "emergencyContactRelation": ""}, "insuranceTab": {"thirdInsurance": {"groupNo": "", "planName": "", "insuredId": "", "deductible": "", "visitCopay": "", "subscriberId": "", "insuranceName": "", "insuranceType": "Select Patient Insurance Type/Source of Payment", "insuredLastName": "", "insuredFirstName": "", "insuranceCompanyId": "", "relationshipToInsured": "-- select one --"}, "primaryInsurance": {"groupNo": "", "planName": "", "insuredId": "151431255", "deductible": "", "visitCopay": "", "subscriberId": "W285350225", "insuranceName": "Aetna", "insuranceType": "Select Patient Insurance Type/Source of Payment", "signatureDate": "8/5/2025", "insuredLastName": "Akbas", "signatureOnFile": "Yes", "insuredFirstName": "Senem", "insuranceCompanyId": "9574580", "relationshipToInsured": "Self"}, "secondaryInsurance": {"groupNo": "", "planName": "", "insuredId": "", "deductible": "", "visitCopay": "", "subscriberId": "", "insuranceName": "", "insuranceType": "Select Patient Insurance Type/Source of Payment", "signatureDate": "1/1/1900", "insuredLastName": "", "signatureOnFile": "No", "insuredFirstName": "", "insuranceCompanyId": "", "relationshipToInsured": "-- select one --"}}}}	2026-04-26 03:28:16.884865+05	2026-04-26 03:34:40.047083+05
87437e32-ca16-4dc3-bb0c-476688328772	080ab273-3dbf-4e86-813f-f6a1d446bba2	a5d1ded1-54cb-4e34-bec7-1194033ceae3	627649631	ed03f8bb-75ac-4aee-9a30-33a7eeecd7e9	2026-04-23	\N	Adriene Taulbee	Active	New Patient	{"Time": "09::00", "Reason": "New Patient", "Status": "Active", "Provider": "Adriene Taulbee", "Last Name": "Breedlove", "First Name": "Bouchra", "Patient ID": "151444043", "PatientUrl": "https://pm.officeally.com/pm/ManagePatients/EditPatient.aspx?Tab=P&PageAction=edit&PID=151444043&From=ViewAppointments", "RawPatient": "Breedlove, Bouchra", "Visit Length": "15 mins", "Date Of Birth": "4/22/1976", "Appointment ID": "627649631", "patientDetails": {"patientTab": {"dob": "4/22/1976", "fax": "", "sex": "Female", "zip": "95404", "city": "SANTA ROSA", "race": "Select Race(s)", "email": "", "state": "CA", "lastName": "Breedlove", "religion": "", "cellPhone": "", "ethnicity": "Select Ethnicity", "firstName": "Bouchra", "homePhone": "", "patientId": "151444043", "workPhone": "", "middleName": "", "addressLine1": "1053 3rd Street", "addressLine2": "", "employerName": "", "maritalStatus": "Unknown", "nextOfKinName": "", "preferredPhone": "Home Phone", "employmentStatus": "Full time employed", "nextOfKinRelation": "", "preferredLanguage": "", "professionalTitle": "", "emergencyContactName": "", "communicationPreference": "", "emergencyContactRelation": ""}, "insuranceTab": {"thirdInsurance": {"groupNo": "", "planName": "", "insuredId": "", "deductible": "", "visitCopay": "", "subscriberId": "", "insuranceName": "", "insuranceType": "Select Patient Insurance Type/Source of Payment", "insuredLastName": "", "insuredFirstName": "", "insuranceCompanyId": "", "relationshipToInsured": "-- select one --"}, "primaryInsurance": {"groupNo": "", "planName": "", "insuredId": "151444043", "deductible": "", "visitCopay": "", "subscriberId": "W241471793", "insuranceName": "Aetna", "insuranceType": "Select Patient Insurance Type/Source of Payment", "signatureDate": "8/6/2025", "insuredLastName": "Breedlove", "signatureOnFile": "Yes", "insuredFirstName": "Bouchra", "insuranceCompanyId": "9574580", "relationshipToInsured": "Self"}, "secondaryInsurance": {"groupNo": "", "planName": "", "insuredId": "", "deductible": "", "visitCopay": "", "subscriberId": "", "insuranceName": "", "insuranceType": "Select Patient Insurance Type/Source of Payment", "signatureDate": "1/1/1900", "insuredLastName": "", "signatureOnFile": "No", "insuredFirstName": "", "insuranceCompanyId": "", "relationshipToInsured": "-- select one --"}}}}	2026-04-26 03:28:16.884865+05	2026-04-26 03:34:40.047083+05
93986d39-1bdf-47b0-8e53-3823946da6cc	080ab273-3dbf-4e86-813f-f6a1d446bba2	a5d1ded1-54cb-4e34-bec7-1194033ceae3	627649632	ac3c9498-d915-402d-8ec5-0d228819b243	2026-04-23	\N	Adriene Taulbee	Active	New Patient	{"Time": "::15", "Reason": "New Patient", "Status": "Active", "Provider": "Adriene Taulbee", "Last Name": "Gonzalez", "First Name": "Maggie", "Patient ID": "155902445", "PatientUrl": "https://pm.officeally.com/pm/ManagePatients/EditPatient.aspx?Tab=P&PageAction=edit&PID=155902445&From=ViewAppointments", "RawPatient": "Gonzalez, Maggie", "Visit Length": "15 mins", "Date Of Birth": "9/11/1987", "Appointment ID": "627649632", "patientDetails": {"patientTab": {"dob": "9/11/1987", "fax": "", "sex": "Female", "zip": "95448", "city": "Healdsburg", "race": "Select Race(s)", "email": "", "state": "CA", "lastName": "Gonzalez", "religion": "", "cellPhone": "", "ethnicity": "Select Ethnicity", "firstName": "Maggie", "homePhone": "", "patientId": "155902445", "workPhone": "", "middleName": "", "addressLine1": "412 North St", "addressLine2": "", "employerName": "", "maritalStatus": "Married", "nextOfKinName": "", "preferredPhone": "", "employmentStatus": "", "nextOfKinRelation": "", "preferredLanguage": "", "professionalTitle": "", "emergencyContactName": "", "communicationPreference": "", "emergencyContactRelation": ""}, "insuranceTab": {"thirdInsurance": {"groupNo": "", "planName": "", "insuredId": "", "deductible": "", "visitCopay": "", "subscriberId": "", "insuranceName": "", "insuranceType": "Select Patient Insurance Type/Source of Payment", "insuredLastName": "", "insuredFirstName": "", "insuranceCompanyId": "", "relationshipToInsured": "-- select one --"}, "primaryInsurance": {"groupNo": "", "planName": "", "insuredId": "155902445", "deductible": "", "visitCopay": "", "subscriberId": "W291258149", "insuranceName": "Aetna", "insuranceType": "Select Patient Insurance Type/Source of Payment", "signatureDate": "2/4/2026", "insuredLastName": "Gonzalez", "signatureOnFile": "Yes", "insuredFirstName": "Maggie", "insuranceCompanyId": "9574580", "relationshipToInsured": "Self"}, "secondaryInsurance": {"groupNo": "", "planName": "", "insuredId": "", "deductible": "", "visitCopay": "", "subscriberId": "", "insuranceName": "", "insuranceType": "Select Patient Insurance Type/Source of Payment", "signatureDate": "1/1/1900", "insuredLastName": "", "signatureOnFile": "No", "insuredFirstName": "", "insuranceCompanyId": "", "relationshipToInsured": "-- select one --"}}}}	2026-04-26 03:28:16.884865+05	2026-04-26 03:34:40.047083+05
70bda481-4bf1-400a-a1a4-729316034e9f	080ab273-3dbf-4e86-813f-f6a1d446bba2	a5d1ded1-54cb-4e34-bec7-1194033ceae3	627649637	cdfef521-5b15-4a37-86fe-fb05bf66dda4	2026-04-23	\N	Adriene Taulbee	Active	New Patient	{"Time": "::30", "Reason": "New Patient", "Status": "Active", "Provider": "Adriene Taulbee", "Last Name": "Hatcher", "First Name": "Nikah", "Patient ID": "151849444", "PatientUrl": "https://pm.officeally.com/pm/ManagePatients/EditPatient.aspx?Tab=P&PageAction=edit&PID=151849444&From=ViewAppointments", "RawPatient": "Hatcher, Nikah", "Visit Length": "15 mins", "Date Of Birth": "6/16/1994", "Appointment ID": "627649637", "patientDetails": {"patientTab": {"dob": "6/16/1994", "fax": "", "sex": "Female", "zip": "20002", "city": "Washington", "race": "Select Race(s)", "email": "", "state": "WA", "lastName": "Hatcher", "religion": "", "cellPhone": "", "ethnicity": "Select Ethnicity", "firstName": "Nikah", "homePhone": "", "patientId": "151849444", "workPhone": "", "middleName": "", "addressLine1": "1115 H Street NE,504", "addressLine2": "504", "employerName": "", "maritalStatus": "Married", "nextOfKinName": "", "preferredPhone": "", "employmentStatus": "", "nextOfKinRelation": "", "preferredLanguage": "", "professionalTitle": "", "emergencyContactName": "", "communicationPreference": "", "emergencyContactRelation": ""}, "insuranceTab": {"thirdInsurance": {"groupNo": "", "planName": "", "insuredId": "", "deductible": "", "visitCopay": "", "subscriberId": "", "insuranceName": "", "insuranceType": "Select Patient Insurance Type/Source of Payment", "insuredLastName": "", "insuredFirstName": "", "insuranceCompanyId": "", "relationshipToInsured": "-- select one --"}, "primaryInsurance": {"groupNo": "", "planName": "", "insuredId": "151849444", "deductible": "", "visitCopay": "", "subscriberId": "W273839330", "insuranceName": "Aetna", "insuranceType": "Select Patient Insurance Type/Source of Payment", "signatureDate": "8/21/2025", "insuredLastName": "Hatcher", "signatureOnFile": "Yes", "insuredFirstName": "Nikah", "insuranceCompanyId": "9574580", "relationshipToInsured": "Self"}, "secondaryInsurance": {"groupNo": "", "planName": "", "insuredId": "", "deductible": "", "visitCopay": "", "subscriberId": "", "insuranceName": "", "insuranceType": "Select Patient Insurance Type/Source of Payment", "signatureDate": "1/1/1900", "insuredLastName": "", "signatureOnFile": "No", "insuredFirstName": "", "insuranceCompanyId": "", "relationshipToInsured": "-- select one --"}}}}	2026-04-26 03:28:16.884865+05	2026-04-26 03:34:40.047083+05
181a20a5-07b4-4448-a974-f27c4e3b6791	080ab273-3dbf-4e86-813f-f6a1d446bba2	a5d1ded1-54cb-4e34-bec7-1194033ceae3	627649641	07939f9e-2613-4f3e-a870-6765f5a0f619	2026-04-23	\N	Adriene Taulbee	Active	New Patient	{"Time": "::45", "Reason": "New Patient", "Status": "Active", "Provider": "Adriene Taulbee", "Last Name": "Horvath", "First Name": "Isabella", "Patient ID": "156597808", "PatientUrl": "https://pm.officeally.com/pm/ManagePatients/EditPatient.aspx?Tab=P&PageAction=edit&PID=156597808&From=ViewAppointments", "RawPatient": "Horvath, Isabella", "Visit Length": "15 mins", "Date Of Birth": "3/27/2002", "Appointment ID": "627649641", "patientDetails": {"patientTab": {"dob": "3/27/2002", "fax": "", "sex": "Female", "zip": "98106", "city": "SEATTLE", "race": "Select Race(s)", "email": "", "state": "CA", "lastName": "Horvath", "religion": "", "cellPhone": "", "ethnicity": "Select Ethnicity", "firstName": "Isabella", "homePhone": "", "patientId": "156597808", "workPhone": "", "middleName": "", "addressLine1": "4120 Delridge Way SW", "addressLine2": "Apt B", "employerName": "", "maritalStatus": "Married", "nextOfKinName": "", "preferredPhone": "", "employmentStatus": "", "nextOfKinRelation": "", "preferredLanguage": "", "professionalTitle": "", "emergencyContactName": "", "communicationPreference": "", "emergencyContactRelation": ""}, "insuranceTab": {"thirdInsurance": {"groupNo": "", "planName": "", "insuredId": "", "deductible": "", "visitCopay": "", "subscriberId": "", "insuranceName": "", "insuranceType": "Select Patient Insurance Type/Source of Payment", "insuredLastName": "", "insuredFirstName": "", "insuranceCompanyId": "", "relationshipToInsured": "-- select one --"}, "primaryInsurance": {"groupNo": "", "planName": "", "insuredId": "156597793", "deductible": "", "visitCopay": "", "subscriberId": "W121253744", "insuranceName": "Aetna", "insuranceType": "Select Patient Insurance Type/Source of Payment", "signatureDate": "3/6/2026", "insuredLastName": "Jondahl", "signatureOnFile": "Yes", "insuredFirstName": "Sherry", "insuranceCompanyId": "9574580", "relationshipToInsured": "Child"}, "secondaryInsurance": {"groupNo": "", "planName": "", "insuredId": "", "deductible": "", "visitCopay": "", "subscriberId": "", "insuranceName": "", "insuranceType": "Select Patient Insurance Type/Source of Payment", "signatureDate": "1/1/1900", "insuredLastName": "", "signatureOnFile": "No", "insuredFirstName": "", "insuranceCompanyId": "", "relationshipToInsured": "-- select one --"}}}}	2026-04-26 03:28:16.884865+05	2026-04-26 03:34:40.047083+05
84af7350-c31f-4db2-ac3e-37082a6c4e21	080ab273-3dbf-4e86-813f-f6a1d446bba2	a5d1ded1-54cb-4e34-bec7-1194033ceae3	627649646	19ffb18a-483d-4e5e-b0d5-030e78d48e3c	2026-04-23	\N	Adriene Taulbee	Active	New Patient	{"Time": "10::00", "Reason": "New Patient", "Status": "Active", "Provider": "Adriene Taulbee", "Last Name": "Kendricks", "First Name": "Precious", "Patient ID": "155931293", "PatientUrl": "https://pm.officeally.com/pm/ManagePatients/EditPatient.aspx?Tab=P&PageAction=edit&PID=155931293&From=ViewAppointments", "RawPatient": "Kendricks, Precious", "Visit Length": "15 mins", "Date Of Birth": "11/24/1995", "Appointment ID": "627649646", "patientDetails": {"patientTab": {"dob": "11/24/1995", "fax": "", "sex": "Female", "zip": "95351", "city": "MODESTO", "race": "Select Race(s)", "email": "", "state": "CA", "lastName": "Kendricks", "religion": "", "cellPhone": "", "ethnicity": "Select Ethnicity", "firstName": "Precious", "homePhone": "", "patientId": "155931293", "workPhone": "", "middleName": "", "addressLine1": "621 2ND ST UNIT A", "addressLine2": "", "employerName": "", "maritalStatus": "Married", "nextOfKinName": "", "preferredPhone": "", "employmentStatus": "", "nextOfKinRelation": "", "preferredLanguage": "", "professionalTitle": "", "emergencyContactName": "", "communicationPreference": "", "emergencyContactRelation": ""}, "insuranceTab": {"thirdInsurance": {"groupNo": "", "planName": "", "insuredId": "", "deductible": "", "visitCopay": "", "subscriberId": "", "insuranceName": "", "insuranceType": "Select Patient Insurance Type/Source of Payment", "insuredLastName": "", "insuredFirstName": "", "insuranceCompanyId": "", "relationshipToInsured": "-- select one --"}, "primaryInsurance": {"groupNo": "", "planName": "", "insuredId": "155931293", "deductible": "", "visitCopay": "", "subscriberId": "W271494145", "insuranceName": "Aetna", "insuranceType": "Select Patient Insurance Type/Source of Payment", "signatureDate": "2/5/2026", "insuredLastName": "Kendricks", "signatureOnFile": "Yes", "insuredFirstName": "Precious", "insuranceCompanyId": "9574580", "relationshipToInsured": "Self"}, "secondaryInsurance": {"groupNo": "", "planName": "", "insuredId": "", "deductible": "", "visitCopay": "", "subscriberId": "", "insuranceName": "", "insuranceType": "Select Patient Insurance Type/Source of Payment", "signatureDate": "1/1/1900", "insuredLastName": "", "signatureOnFile": "No", "insuredFirstName": "", "insuranceCompanyId": "", "relationshipToInsured": "-- select one --"}}}}	2026-04-26 03:28:16.884865+05	2026-04-26 03:34:40.047083+05
cce96d1f-6f67-44d5-a2a3-a4900318aff1	080ab273-3dbf-4e86-813f-f6a1d446bba2	a5d1ded1-54cb-4e34-bec7-1194033ceae3	627649666	9494ebb6-7307-430c-8512-0609395eaaec	2026-04-23	\N	Adriene Taulbee	Active	New Patient	{"Time": "::15", "Reason": "New Patient", "Status": "Active", "Provider": "Adriene Taulbee", "Last Name": "Keshav", "First Name": "Ritwik", "Patient ID": "155917440", "PatientUrl": "https://pm.officeally.com/pm/ManagePatients/EditPatient.aspx?Tab=P&PageAction=edit&PID=155917440&From=ViewAppointments", "RawPatient": "Keshav, Ritwik", "Visit Length": "15 mins", "Date Of Birth": "7/1/1992", "Appointment ID": "627649666", "patientDetails": {"patientTab": {"dob": "7/1/1992", "fax": "", "sex": "Male", "zip": "95126", "city": "SAN JOSE", "race": "Select Race(s)", "email": "", "state": "CA", "lastName": "Keshav", "religion": "", "cellPhone": "", "ethnicity": "Select Ethnicity", "firstName": "Ritwik", "homePhone": "", "patientId": "155917440", "workPhone": "", "middleName": "", "addressLine1": "1536 HESTER AVE", "addressLine2": "", "employerName": "", "maritalStatus": "Married", "nextOfKinName": "", "preferredPhone": "", "employmentStatus": "", "nextOfKinRelation": "", "preferredLanguage": "", "professionalTitle": "", "emergencyContactName": "", "communicationPreference": "", "emergencyContactRelation": ""}, "insuranceTab": {"thirdInsurance": {"groupNo": "", "planName": "", "insuredId": "", "deductible": "", "visitCopay": "", "subscriberId": "", "insuranceName": "", "insuranceType": "Select Patient Insurance Type/Source of Payment", "insuredLastName": "", "insuredFirstName": "", "insuranceCompanyId": "", "relationshipToInsured": "-- select one --"}, "primaryInsurance": {"groupNo": "", "planName": "", "insuredId": "155917440", "deductible": "", "visitCopay": "", "subscriberId": "W287729449", "insuranceName": "Aetna", "insuranceType": "Select Patient Insurance Type/Source of Payment", "signatureDate": "2/5/2026", "insuredLastName": "Keshav", "signatureOnFile": "Yes", "insuredFirstName": "Ritwik", "insuranceCompanyId": "9574580", "relationshipToInsured": "Self"}, "secondaryInsurance": {"groupNo": "", "planName": "", "insuredId": "", "deductible": "", "visitCopay": "", "subscriberId": "", "insuranceName": "", "insuranceType": "Select Patient Insurance Type/Source of Payment", "signatureDate": "1/1/1900", "insuredLastName": "", "signatureOnFile": "No", "insuredFirstName": "", "insuranceCompanyId": "", "relationshipToInsured": "-- select one --"}}}}	2026-04-26 03:28:16.884865+05	2026-04-26 03:34:40.047083+05
4530cd7f-9ed9-44e9-82a5-10f3cc5ccf9e	080ab273-3dbf-4e86-813f-f6a1d446bba2	a5d1ded1-54cb-4e34-bec7-1194033ceae3	627649671	6e24571c-35b8-47a5-a519-9505c37ccfa9	2026-04-23	\N	Adriene Taulbee	Active	New Patient	{"Time": "::30", "Reason": "New Patient", "Status": "Active", "Provider": "Adriene Taulbee", "Last Name": "Beasley", "First Name": "Beth", "Patient ID": "155297580", "PatientUrl": "https://pm.officeally.com/pm/ManagePatients/EditPatient.aspx?Tab=P&PageAction=edit&PID=155297580&From=ViewAppointments", "RawPatient": "Beasley, Beth", "Visit Length": "15 mins", "Date Of Birth": "5/14/1967", "Appointment ID": "627649671", "patientDetails": {"patientTab": {"dob": "5/14/1967", "fax": "", "sex": "Female", "zip": "94041", "city": "Mountain View", "race": "Select Race(s)", "email": "", "state": "CA", "lastName": "Beasley", "religion": "", "cellPhone": "", "ethnicity": "Select Ethnicity", "firstName": "Beth", "homePhone": "", "patientId": "155297580", "workPhone": "", "middleName": "", "addressLine1": "392 Hope Street", "addressLine2": "Apt 4", "employerName": "", "maritalStatus": "Married", "nextOfKinName": "", "preferredPhone": "", "employmentStatus": "", "nextOfKinRelation": "", "preferredLanguage": "", "professionalTitle": "", "emergencyContactName": "", "communicationPreference": "", "emergencyContactRelation": ""}, "insuranceTab": {"thirdInsurance": {"groupNo": "", "planName": "", "insuredId": "", "deductible": "", "visitCopay": "", "subscriberId": "", "insuranceName": "", "insuranceType": "Select Patient Insurance Type/Source of Payment", "insuredLastName": "", "insuredFirstName": "", "insuranceCompanyId": "", "relationshipToInsured": "-- select one --"}, "primaryInsurance": {"groupNo": "052865901500003", "planName": "", "insuredId": "155297580", "deductible": "", "visitCopay": "", "subscriberId": "W257645524", "insuranceName": "Aetna", "insuranceType": "Select Patient Insurance Type/Source of Payment", "signatureDate": "1/8/2026", "insuredLastName": "Beasley", "signatureOnFile": "Yes", "insuredFirstName": "Beth", "insuranceCompanyId": "9574580", "relationshipToInsured": "Self"}, "secondaryInsurance": {"groupNo": "", "planName": "", "insuredId": "", "deductible": "", "visitCopay": "", "subscriberId": "", "insuranceName": "", "insuranceType": "Select Patient Insurance Type/Source of Payment", "signatureDate": "1/1/1900", "insuredLastName": "", "signatureOnFile": "No", "insuredFirstName": "", "insuranceCompanyId": "", "relationshipToInsured": "-- select one --"}}}}	2026-04-26 03:28:16.884865+05	2026-04-26 03:34:40.047083+05
52eca135-3eb9-46fa-b2c4-25e4d1a3a899	080ab273-3dbf-4e86-813f-f6a1d446bba2	a5d1ded1-54cb-4e34-bec7-1194033ceae3	627649678	8919ad2e-a802-48d0-b97c-263f69200379	2026-04-23	\N	Adriene Taulbee	Active	New Patient	{"Time": "::45", "Reason": "New Patient", "Status": "Active", "Provider": "Adriene Taulbee", "Last Name": "Maligie", "First Name": "Lauren", "Patient ID": "155902846", "PatientUrl": "https://pm.officeally.com/pm/ManagePatients/EditPatient.aspx?Tab=P&PageAction=edit&PID=155902846&From=ViewAppointments", "RawPatient": "Maligie, Lauren", "Visit Length": "15 mins", "Date Of Birth": "10/12/1993", "Appointment ID": "627649678", "patientDetails": {"patientTab": {"dob": "10/12/1993", "fax": "", "sex": "Female", "zip": "95687", "city": "Vacaville", "race": "Select Race(s)", "email": "", "state": "CA", "lastName": "Maligie", "religion": "", "cellPhone": "", "ethnicity": "Select Ethnicity", "firstName": "Lauren", "homePhone": "", "patientId": "155902846", "workPhone": "", "middleName": "", "addressLine1": "1100 Farmington Dr", "addressLine2": "#6", "employerName": "", "maritalStatus": "Married", "nextOfKinName": "", "preferredPhone": "", "employmentStatus": "", "nextOfKinRelation": "", "preferredLanguage": "", "professionalTitle": "", "emergencyContactName": "", "communicationPreference": "", "emergencyContactRelation": ""}, "insuranceTab": {"thirdInsurance": {"groupNo": "", "planName": "", "insuredId": "", "deductible": "", "visitCopay": "", "subscriberId": "", "insuranceName": "", "insuranceType": "Select Patient Insurance Type/Source of Payment", "insuredLastName": "", "insuredFirstName": "", "insuranceCompanyId": "", "relationshipToInsured": "-- select one --"}, "primaryInsurance": {"groupNo": "", "planName": "", "insuredId": "155902846", "deductible": "", "visitCopay": "", "subscriberId": "W189379744", "insuranceName": "Aetna", "insuranceType": "Select Patient Insurance Type/Source of Payment", "signatureDate": "2/4/2026", "insuredLastName": "Maligie", "signatureOnFile": "Yes", "insuredFirstName": "Lauren", "insuranceCompanyId": "9574580", "relationshipToInsured": "Self"}, "secondaryInsurance": {"groupNo": "", "planName": "", "insuredId": "", "deductible": "", "visitCopay": "", "subscriberId": "", "insuranceName": "", "insuranceType": "Select Patient Insurance Type/Source of Payment", "signatureDate": "1/1/1900", "insuredLastName": "", "signatureOnFile": "No", "insuredFirstName": "", "insuranceCompanyId": "", "relationshipToInsured": "-- select one --"}}}}	2026-04-26 03:28:16.884865+05	2026-04-26 03:34:40.047083+05
747fb123-f2f3-4bfc-a6fa-1f68490b55b4	080ab273-3dbf-4e86-813f-f6a1d446bba2	a5d1ded1-54cb-4e34-bec7-1194033ceae3	627649682	a959bc65-5a2e-4d98-80e1-9218234c66c4	2026-04-23	\N	Adriene Taulbee	Active	New Patient	{"Time": "11::00", "Reason": "New Patient", "Status": "Active", "Provider": "Adriene Taulbee", "Last Name": "Meleen", "First Name": "Karlee", "Patient ID": "155304318", "PatientUrl": "https://pm.officeally.com/pm/ManagePatients/EditPatient.aspx?Tab=P&PageAction=edit&PID=155304318&From=ViewAppointments", "RawPatient": "Meleen, Karlee", "Visit Length": "15 mins", "Date Of Birth": "12/27/1997", "Appointment ID": "627649682", "patientDetails": {"patientTab": {"dob": "12/27/1997", "fax": "", "sex": "Female", "zip": "95376", "city": "TRACY", "race": "Select Race(s)", "email": "", "state": "CA", "lastName": "Meleen", "religion": "", "cellPhone": "", "ethnicity": "Select Ethnicity", "firstName": "Karlee", "homePhone": "", "patientId": "155304318", "workPhone": "", "middleName": "", "addressLine1": "415 ACACIA STREET APARTMENT D", "addressLine2": "", "employerName": "", "maritalStatus": "Married", "nextOfKinName": "", "preferredPhone": "", "employmentStatus": "", "nextOfKinRelation": "", "preferredLanguage": "", "professionalTitle": "", "emergencyContactName": "", "communicationPreference": "", "emergencyContactRelation": ""}, "insuranceTab": {"thirdInsurance": {"groupNo": "", "planName": "", "insuredId": "", "deductible": "", "visitCopay": "", "subscriberId": "", "insuranceName": "", "insuranceType": "Select Patient Insurance Type/Source of Payment", "insuredLastName": "", "insuredFirstName": "", "insuranceCompanyId": "", "relationshipToInsured": "-- select one --"}, "primaryInsurance": {"groupNo": "", "planName": "", "insuredId": "155304318", "deductible": "", "visitCopay": "", "subscriberId": "W276180449", "insuranceName": "Aetna", "insuranceType": "Select Patient Insurance Type/Source of Payment", "signatureDate": "1/8/2026", "insuredLastName": "Meleen", "signatureOnFile": "Yes", "insuredFirstName": "Karlee", "insuranceCompanyId": "9574580", "relationshipToInsured": "Self"}, "secondaryInsurance": {"groupNo": "", "planName": "", "insuredId": "", "deductible": "", "visitCopay": "", "subscriberId": "", "insuranceName": "", "insuranceType": "Select Patient Insurance Type/Source of Payment", "signatureDate": "1/1/1900", "insuredLastName": "", "signatureOnFile": "No", "insuredFirstName": "", "insuranceCompanyId": "", "relationshipToInsured": "-- select one --"}}}}	2026-04-26 03:28:16.884865+05	2026-04-26 03:34:40.047083+05
06a3f08d-0ea3-4bcf-a47b-4ffd38fde6df	080ab273-3dbf-4e86-813f-f6a1d446bba2	a5d1ded1-54cb-4e34-bec7-1194033ceae3	627649685	4b37f102-3bad-4ec4-a3fa-c9b9c66497c0	2026-04-23	\N	Adriene Taulbee	Active	New Patient	{"Time": "::15", "Reason": "New Patient", "Status": "Active", "Provider": "Adriene Taulbee", "Last Name": "Murphy", "First Name": "Kelsey", "Patient ID": "156920756", "PatientUrl": "https://pm.officeally.com/pm/ManagePatients/EditPatient.aspx?Tab=P&PageAction=edit&PID=156920756&From=ViewAppointments", "RawPatient": "Murphy, Kelsey", "Visit Length": "15 mins", "Date Of Birth": "12/2/1998", "Appointment ID": "627649685", "patientDetails": {"patientTab": {"dob": "12/2/1998", "fax": "", "sex": "Female", "zip": "77084", "city": "Houston", "race": "Select Race(s)", "email": "", "state": "TX", "lastName": "Murphy", "religion": "", "cellPhone": "", "ethnicity": "Select Ethnicity", "firstName": "Kelsey", "homePhone": "", "patientId": "156920756", "workPhone": "", "middleName": "", "addressLine1": "1760 BARKER CYPRESS RD", "addressLine2": "APT 622", "employerName": "", "maritalStatus": "Married", "nextOfKinName": "", "preferredPhone": "", "employmentStatus": "", "nextOfKinRelation": "", "preferredLanguage": "", "professionalTitle": "", "emergencyContactName": "", "communicationPreference": "", "emergencyContactRelation": ""}, "insuranceTab": {"thirdInsurance": {"groupNo": "", "planName": "", "insuredId": "", "deductible": "", "visitCopay": "", "subscriberId": "", "insuranceName": "", "insuranceType": "Select Patient Insurance Type/Source of Payment", "insuredLastName": "", "insuredFirstName": "", "insuranceCompanyId": "", "relationshipToInsured": "-- select one --"}, "primaryInsurance": {"groupNo": "", "planName": "", "insuredId": "156920756", "deductible": "", "visitCopay": "", "subscriberId": "W295480133", "insuranceName": "Aetna", "insuranceType": "Select Patient Insurance Type/Source of Payment", "signatureDate": "3/23/2026", "insuredLastName": "Murphy", "signatureOnFile": "Yes", "insuredFirstName": "Kelsey", "insuranceCompanyId": "9574580", "relationshipToInsured": "Self"}, "secondaryInsurance": {"groupNo": "", "planName": "", "insuredId": "", "deductible": "", "visitCopay": "", "subscriberId": "", "insuranceName": "", "insuranceType": "Select Patient Insurance Type/Source of Payment", "signatureDate": "1/1/1900", "insuredLastName": "", "signatureOnFile": "No", "insuredFirstName": "", "insuranceCompanyId": "", "relationshipToInsured": "-- select one --"}}}}	2026-04-26 03:28:16.884865+05	2026-04-26 03:34:40.047083+05
\.


--
-- Data for Name: availity_credentials; Type: TABLE DATA; Schema: public; Owner: -
--

COPY public.availity_credentials (user_id, username, password, created_at, updated_at) FROM stdin;
a5d1ded1-54cb-4e34-bec7-1194033ceae3	ahmedoneai	Billing@2026	2026-04-25 21:02:42.683003+05	2026-04-25 21:02:42.683003+05
\.


--
-- Data for Name: availity_eligibility_results; Type: TABLE DATA; Schema: public; Owner: -
--

COPY public.availity_eligibility_results (id, run_id, coverage_status_text, is_active, member_id, payer_id, patient_name_on_file, benefit_line, date_of_service, transaction_date, insurance_type, plan_product, coverage_level, raw_snapshot, created_at, copay_amount, deductible_amount, coinsurance, oop_remaining) FROM stdin;
746b038e-93fd-4887-b47d-069a15007e88	41f05b93-18b2-45d3-a066-ea0ead7cdcf5	Active Coverage	t	W295286861	AETNA	ALEXANDER, KATHERINE L	Health Benefit Plan Coverage	Apr 25, 2026	Apr 26, 11:26 AM	Point of Service (POS)	Open Access MC	Employee Only	{"labels": {"DOB": "Aug 2, 1997", "Payer ID": "AETNA", "Member ID": "W295286861", "Date of Service": "Apr 25, 2026", "Transaction Date": "Apr 26, 11:26 AM"}, "chipText": "Active Coverage", "alertText": "", "benefitLine": "Health Benefit Plan Coverage", "planProduct": "Open Access MC", "coverageLevel": "Employee Only", "insuranceType": "Point of Service (POS)", "patientNameOnFile": "ALEXANDER, KATHERINE L"}	2026-04-26 20:26:32.744117+05	\N	\N	\N	\N
1326cb5c-99bd-47a4-9d8c-283b9d9f70f7	8c6bf4e0-6aab-49cf-882f-985136c8ffdd	Health Benefit Plan Coverage - 30	f	W268758807	AETNA	W268758807	Health Benefit Plan Coverage	Apr 25, 2026	Apr 26, 11:28 AM	\N	\N	\N	{"labels": {"DOB": "Aug 7, 2001", "Payer ID": "AETNA", "Member ID": "W268758807", "Date of Service": "Apr 25, 2026", "Transaction Date": "Apr 26, 11:28 AM"}, "chipText": "Health Benefit Plan Coverage - 30", "alertText": "", "benefitLine": "Health Benefit Plan Coverage", "planProduct": "", "coverageLevel": "", "insuranceType": "", "patientNameOnFile": "W268758807"}	2026-04-26 20:28:41.121938+05	\N	\N	\N	\N
0aad147b-9bc0-49c8-aa5b-b2945fa99c71	cc834ae9-c414-4d49-9ce4-19df735646ea	Health Benefit Plan Coverage - 30	f	W272552286	AETNA	W272552286	Health Benefit Plan Coverage	Apr 25, 2026	Apr 26, 11:30 AM	\N	\N	\N	{"labels": {"DOB": "Feb 16, 1995", "Payer ID": "AETNA", "Member ID": "W272552286", "Date of Service": "Apr 25, 2026", "Transaction Date": "Apr 26, 11:30 AM"}, "chipText": "Health Benefit Plan Coverage - 30", "alertText": "", "benefitLine": "Health Benefit Plan Coverage", "planProduct": "", "coverageLevel": "", "insuranceType": "", "patientNameOnFile": "W272552286"}	2026-04-26 20:30:49.07894+05	\N	\N	\N	\N
b91701aa-d2df-404a-85f8-94e017708f00	c67a429b-02ff-414e-b78e-01f2a9df8987	Active Coverage	t	W295286861	AETNA	BEECKEN, CODY R	Health Benefit Plan Coverage	Apr 25, 2026	Apr 26, 11:30 AM	Point of Service (POS)	Open Access MC	Employee Only	{"labels": {"DOB": "Aug 2, 1997", "Payer ID": "AETNA", "Member ID": "W295286861", "Date of Service": "Apr 25, 2026", "Transaction Date": "Apr 26, 11:30 AM"}, "chipText": "Active Coverage", "alertText": "", "benefitLine": "Health Benefit Plan Coverage", "planProduct": "Open Access MC", "coverageLevel": "Employee Only", "insuranceType": "Point of Service (POS)", "patientNameOnFile": "BEECKEN, CODY R"}	2026-04-26 20:35:44.374386+05	\N	\N	\N	\N
b18ea471-f82e-4795-886c-5238417f1aee	589a9d80-f183-4f62-b9fe-46a163268864	Active Coverage	t	W295286861	AETNA	BEECKEN, CODY R	Health Benefit Plan Coverage	Apr 25, 2026	Apr 26, 11:30 AM	Point of Service (POS)	Open Access MC	Employee Only	{"labels": {"DOB": "Aug 2, 1997", "Payer ID": "AETNA", "Member ID": "W295286861", "Date of Service": "Apr 25, 2026", "Transaction Date": "Apr 26, 11:30 AM"}, "chipText": "Active Coverage", "alertText": "", "benefitLine": "Health Benefit Plan Coverage", "planProduct": "Open Access MC", "coverageLevel": "Employee Only", "insuranceType": "Point of Service (POS)", "patientNameOnFile": "BEECKEN, CODY R"}	2026-04-26 20:38:03.336111+05	\N	\N	\N	\N
fdac21f5-450c-446d-8c1c-af30590e7278	9b7ffbf4-d66f-4356-89da-aca726a28bed	Health Benefit Plan Coverage - 30	f	W268758807	AETNA	W268758807	Health Benefit Plan Coverage	Apr 26, 2026	Apr 26, 11:40 AM	\N	\N	\N	{"labels": {"DOB": "Aug 7, 2001", "Payer ID": "AETNA", "Member ID": "W268758807", "Date of Service": "Apr 26, 2026", "Transaction Date": "Apr 26, 11:40 AM"}, "chipText": "Health Benefit Plan Coverage - 30", "alertText": "", "benefitLine": "Health Benefit Plan Coverage", "planProduct": "", "coverageLevel": "", "insuranceType": "", "patientNameOnFile": "W268758807"}	2026-04-26 20:40:10.393915+05	\N	\N	\N	\N
c5a5302e-a3a7-4cb8-986b-457fff8eb6b8	94fa3daf-2ee8-48f3-9e10-b2423fbb0375	Active Coverage	t	W272552286	AETNA	ANDERSON, ANAYAH J	Health Benefit Plan Coverage	Apr 25, 2026	Apr 26, 11:40 AM	Point of Service (POS)	Aetna Choice POS II	Employee and Children	{"labels": {"DOB": "Feb 16, 1995", "Payer ID": "AETNA", "Member ID": "W272552286", "Date of Service": "Apr 25, 2026", "Transaction Date": "Apr 26, 11:40 AM"}, "chipText": "Active Coverage", "alertText": "", "benefitLine": "Health Benefit Plan Coverage", "planProduct": "Aetna Choice POS II", "coverageLevel": "Employee and Children", "insuranceType": "Point of Service (POS)", "patientNameOnFile": "ANDERSON, ANAYAH J"}	2026-04-26 20:42:18.501148+05	\N	\N	\N	\N
051f7df3-5301-4824-9f66-acc92af7a4a8	ccf3e146-ff9f-4903-a911-4bce4f750363	Active Coverage	t	W285350225	AETNA	ANDERSON, ANAYAH J	Health Benefit Plan Coverage	Apr 25, 2026	Apr 26, 11:40 AM	Exclusive Provider Organization	Open Access Aetna Select	Family	{"labels": {"DOB": "Mar 14, 1980", "Payer ID": "AETNA", "Member ID": "W285350225", "Date of Service": "Apr 25, 2026", "Transaction Date": "Apr 26, 11:40 AM"}, "chipText": "Active Coverage", "alertText": "", "benefitLine": "Health Benefit Plan Coverage", "planProduct": "Open Access Aetna Select", "coverageLevel": "Family", "insuranceType": "Exclusive Provider Organization", "patientNameOnFile": "ANDERSON, ANAYAH J"}	2026-04-26 20:44:28.063787+05	\N	\N	\N	\N
249a4ace-e49c-4cf9-9a35-4947e3204e48	1e053ba1-03b3-457d-b72e-4f854efcc55a	Active Coverage	t	W295286861	AETNA	ANDERSON, ANAYAH J	Health Benefit Plan Coverage	Apr 25, 2026	Apr 26, 11:40 AM	Point of Service (POS)	Open Access MC	Employee Only	{"labels": {"DOB": "Aug 2, 1997", "Payer ID": "AETNA", "Member ID": "W295286861", "Date of Service": "Apr 25, 2026", "Transaction Date": "Apr 26, 11:40 AM"}, "chipText": "Active Coverage", "alertText": "", "benefitLine": "Health Benefit Plan Coverage", "planProduct": "Open Access MC", "coverageLevel": "Employee Only", "insuranceType": "Point of Service (POS)", "patientNameOnFile": "ANDERSON, ANAYAH J"}	2026-04-26 20:48:32.102469+05	\N	\N	\N	\N
08de94cd-504a-4473-acfb-1ad85e3d4001	2a6c8d23-b5cc-4702-bcff-0045d532e635	Active Coverage	t	W268758807	AETNA	ANDERSON, ANAYAH J	Health Benefit Plan Coverage	Apr 25, 2026	Apr 26, 11:40 AM	Point of Service (POS)	Aetna Choice POS II	Family	{"labels": {"DOB": "Aug 7, 2001", "Payer ID": "AETNA", "Member ID": "W268758807", "Date of Service": "Apr 25, 2026", "Transaction Date": "Apr 26, 11:40 AM"}, "chipText": "Active Coverage", "alertText": "", "benefitLine": "Health Benefit Plan Coverage", "planProduct": "Aetna Choice POS II", "coverageLevel": "Family", "insuranceType": "Point of Service (POS)", "patientNameOnFile": "ANDERSON, ANAYAH J"}	2026-04-26 20:50:39.887935+05	\N	\N	\N	\N
b1a064d2-705a-4e3c-98e2-4eb53215218c	1d7a1f31-1742-4e96-8d4b-67b960c2de36	Active Coverage	t	W272552286	AETNA	ANDERSON, ANAYAH J	Health Benefit Plan Coverage	Apr 25, 2026	Apr 26, 11:40 AM	Point of Service (POS)	Aetna Choice POS II	Employee and Children	{"labels": {"DOB": "Feb 16, 1995", "Payer ID": "AETNA", "Member ID": "W272552286", "Date of Service": "Apr 25, 2026", "Transaction Date": "Apr 26, 11:40 AM"}, "chipText": "Active Coverage", "alertText": "", "benefitLine": "Health Benefit Plan Coverage", "planProduct": "Aetna Choice POS II", "coverageLevel": "Employee and Children", "insuranceType": "Point of Service (POS)", "patientNameOnFile": "ANDERSON, ANAYAH J"}	2026-04-26 20:52:47.541577+05	\N	\N	\N	\N
592da870-b28e-41fa-9f7e-bae66cf5de4b	56fb5e00-752a-4140-a631-f3f137eb90e3	Active Coverage	t	W285350225	AETNA	ANDERSON, ANAYAH J	Health Benefit Plan Coverage	Apr 25, 2026	Apr 26, 11:40 AM	Exclusive Provider Organization	Open Access Aetna Select	Family	{"labels": {"DOB": "Mar 14, 1980", "Payer ID": "AETNA", "Member ID": "W285350225", "Date of Service": "Apr 25, 2026", "Transaction Date": "Apr 26, 11:40 AM"}, "chipText": "Active Coverage", "alertText": "", "benefitLine": "Health Benefit Plan Coverage", "planProduct": "Open Access Aetna Select", "coverageLevel": "Family", "insuranceType": "Exclusive Provider Organization", "patientNameOnFile": "ANDERSON, ANAYAH J"}	2026-04-26 20:54:55.561299+05	\N	\N	\N	\N
432f7fbb-e879-473e-bff2-d217067a3aef	65c7c872-fcf1-4886-8b16-30c7a6ce5555	Active Coverage	t	W241471793	AETNA	BREEDLOVE, BOUCHRA	Health Benefit Plan Coverage	Apr 25, 2026	Apr 26, 11:56 AM	Point of Service (POS)	Aetna Choice POS II	Employee Only	{"labels": {"DOB": "Apr 22, 1976", "Payer ID": "AETNA", "Member ID": "W241471793", "Date of Service": "Apr 25, 2026", "Transaction Date": "Apr 26, 11:56 AM"}, "chipText": "Active Coverage", "alertText": "", "benefitLine": "Health Benefit Plan Coverage", "planProduct": "Aetna Choice POS II", "coverageLevel": "Employee Only", "insuranceType": "Point of Service (POS)", "patientNameOnFile": "BREEDLOVE, BOUCHRA"}	2026-04-26 20:57:03.685358+05	\N	\N	\N	\N
28da08da-2df8-4935-87cd-29c6fb75ea63	72e7c9d6-d79b-4a75-b42f-3be85469db31	Health Benefit Plan Coverage - 30	f	W291258149	AETNA	W291258149	Health Benefit Plan Coverage	Apr 25, 2026	Apr 26, 11:59 AM	\N	\N	\N	{"labels": {"DOB": "Sep 11, 1987", "Payer ID": "AETNA", "Member ID": "W291258149", "Date of Service": "Apr 25, 2026", "Transaction Date": "Apr 26, 11:59 AM"}, "chipText": "Health Benefit Plan Coverage - 30", "alertText": "", "benefitLine": "Health Benefit Plan Coverage", "planProduct": "", "coverageLevel": "", "insuranceType": "", "patientNameOnFile": "W291258149"}	2026-04-26 20:59:12.175435+05	\N	\N	\N	\N
41a53126-4ac1-41d8-955b-646844f9a6d4	754bd4f9-96a8-41eb-9353-1919311373fb	Health Benefit Plan Coverage - 30	f	W273839330	AETNA	W273839330	Health Benefit Plan Coverage	Apr 25, 2026	Apr 26, 12:01 PM	\N	\N	\N	{"labels": {"DOB": "Jun 16, 1994", "Payer ID": "AETNA", "Member ID": "W273839330", "Date of Service": "Apr 25, 2026", "Transaction Date": "Apr 26, 12:01 PM"}, "chipText": "Health Benefit Plan Coverage - 30", "alertText": "", "benefitLine": "Health Benefit Plan Coverage", "planProduct": "", "coverageLevel": "", "insuranceType": "", "patientNameOnFile": "W273839330"}	2026-04-26 21:01:29.857715+05	\N	\N	\N	\N
73c3e020-91bc-4ef0-96fc-c8956258f608	affb90d2-0882-4112-86ae-7b6e07d44469	Active Coverage	t	W121253744	AETNA	HORVATH, ISABELLA G	Health Benefit Plan Coverage	Apr 25, 2026	Apr 26, 12:03 PM	Exclusive Provider Organization	Open Access Aetna Select	Family	{"labels": {"DOB": "Mar 27, 2002", "Payer ID": "AETNA", "Member ID": "W121253744", "Date of Service": "Apr 25, 2026", "Transaction Date": "Apr 26, 12:03 PM"}, "chipText": "Active Coverage", "alertText": "", "benefitLine": "Health Benefit Plan Coverage", "planProduct": "Open Access Aetna Select", "coverageLevel": "Family", "insuranceType": "Exclusive Provider Organization", "patientNameOnFile": "HORVATH, ISABELLA G"}	2026-04-26 21:03:48.511816+05	\N	\N	\N	\N
506f17d1-6a00-4bd5-a911-780be4412582	657aa4cf-eaae-4706-88b9-f4692c0cacb0	Health Benefit Plan Coverage - 30	f	W271494145	AETNA	W271494145	Health Benefit Plan Coverage	Apr 25, 2026	Apr 26, 12:05 PM	\N	\N	\N	{"labels": {"DOB": "Nov 24, 1995", "Payer ID": "AETNA", "Member ID": "W271494145", "Date of Service": "Apr 25, 2026", "Transaction Date": "Apr 26, 12:05 PM"}, "chipText": "Health Benefit Plan Coverage - 30", "alertText": "", "benefitLine": "Health Benefit Plan Coverage", "planProduct": "", "coverageLevel": "", "insuranceType": "", "patientNameOnFile": "W271494145"}	2026-04-26 21:05:56.586746+05	\N	\N	\N	\N
a14b612d-b7cc-4478-a73b-b6d2f76efa47	9ae3583f-ff20-4b8a-b87c-3368222c630f	Health Benefit Plan Coverage - 30	f	W287729449	AETNA	W287729449	Health Benefit Plan Coverage	Apr 25, 2026	Apr 26, 12:07 PM	\N	\N	\N	{"labels": {"DOB": "Jul 1, 1992", "Payer ID": "AETNA", "Member ID": "W287729449", "Date of Service": "Apr 25, 2026", "Transaction Date": "Apr 26, 12:07 PM"}, "chipText": "Health Benefit Plan Coverage - 30", "alertText": "", "benefitLine": "Health Benefit Plan Coverage", "planProduct": "", "coverageLevel": "", "insuranceType": "", "patientNameOnFile": "W287729449"}	2026-04-26 21:08:04.438218+05	\N	\N	\N	\N
\.


--
-- Data for Name: availity_eligibility_runs; Type: TABLE DATA; Schema: public; Owner: -
--

COPY public.availity_eligibility_runs (id, user_id, patient_id, coverage_rank, payer_name_used, member_id_used, started_at, finished_at, status, message) FROM stdin;
084fbbed-0172-4809-b8dc-0de7ca7c5a6b	a5d1ded1-54cb-4e34-bec7-1194033ceae3	ed03f8bb-75ac-4aee-9a30-33a7eeecd7e9	1	Aetna	W241471793	2026-04-26 20:33:42.776159+05	2026-04-26 20:33:42.780945+05	failed	page.goto: Target page, context or browser has been closed
88232ea9-235b-4bad-8879-fed5a34e3f06	a5d1ded1-54cb-4e34-bec7-1194033ceae3	ac3c9498-d915-402d-8ec5-0d228819b243	1	Aetna	W291258149	2026-04-26 20:33:42.782204+05	2026-04-26 20:33:42.785553+05	failed	page.goto: Target page, context or browser has been closed
911b974b-7853-41dc-8ea8-57c6db848256	a5d1ded1-54cb-4e34-bec7-1194033ceae3	cdfef521-5b15-4a37-86fe-fb05bf66dda4	1	Aetna	W273839330	2026-04-26 20:33:42.787055+05	2026-04-26 20:33:42.792116+05	failed	page.goto: Target page, context or browser has been closed
dafda7c9-01ad-424a-a8f9-08728300a763	a5d1ded1-54cb-4e34-bec7-1194033ceae3	07939f9e-2613-4f3e-a870-6765f5a0f619	1	Aetna	W121253744	2026-04-26 20:33:42.794331+05	2026-04-26 20:33:42.797308+05	failed	page.goto: Target page, context or browser has been closed
b80d28d8-b0b4-4bdf-8692-f7bda8e35528	a5d1ded1-54cb-4e34-bec7-1194033ceae3	19ffb18a-483d-4e5e-b0d5-030e78d48e3c	1	Aetna	W271494145	2026-04-26 20:33:42.798525+05	2026-04-26 20:33:42.803222+05	failed	page.goto: Target page, context or browser has been closed
41f05b93-18b2-45d3-a066-ea0ead7cdcf5	a5d1ded1-54cb-4e34-bec7-1194033ceae3	89e9416c-496a-4397-8fed-e05113c5f7b3	1	Aetna	W295286861	2026-04-26 20:24:36.599471+05	2026-04-26 20:26:32.75633+05	success	ok
8c6bf4e0-6aab-49cf-882f-985136c8ffdd	a5d1ded1-54cb-4e34-bec7-1194033ceae3	9d46a0f2-d240-4405-8233-774bc2bd70eb	1	Aetna	W268758807	2026-04-26 20:26:32.758053+05	2026-04-26 20:28:41.130626+05	success	ok
cc834ae9-c414-4d49-9ce4-19df735646ea	a5d1ded1-54cb-4e34-bec7-1194033ceae3	a1ae5215-d77a-41aa-88c3-3bb8a4c0a7b0	1	Aetna	W272552286	2026-04-26 20:28:41.132741+05	2026-04-26 20:30:49.092647+05	success	ok
af34bcd9-89a8-4c2d-92b6-7edc36db8f8d	a5d1ded1-54cb-4e34-bec7-1194033ceae3	45625d78-ab5d-4993-b323-ade096650c78	1	Aetna	W285350225	2026-04-26 20:30:49.094562+05	2026-04-26 20:31:53.458973+05	failed	locator.click: Target page, context or browser has been closed
2e5b7a52-b2e9-4daa-81a6-84a34be9d4f3	a5d1ded1-54cb-4e34-bec7-1194033ceae3	ed03f8bb-75ac-4aee-9a30-33a7eeecd7e9	1	Aetna	W241471793	2026-04-26 20:31:53.468395+05	2026-04-26 20:31:53.479919+05	failed	page.goto: Target page, context or browser has been closed
eb473256-d09e-4c03-b31e-1db0fe54813e	a5d1ded1-54cb-4e34-bec7-1194033ceae3	ac3c9498-d915-402d-8ec5-0d228819b243	1	Aetna	W291258149	2026-04-26 20:31:53.481052+05	2026-04-26 20:31:53.484267+05	failed	page.goto: Target page, context or browser has been closed
f570b624-6f20-4b2e-abc1-afaf8147a613	a5d1ded1-54cb-4e34-bec7-1194033ceae3	cdfef521-5b15-4a37-86fe-fb05bf66dda4	1	Aetna	W273839330	2026-04-26 20:31:53.485488+05	2026-04-26 20:31:53.488509+05	failed	page.goto: Target page, context or browser has been closed
1c09e089-f8b9-49e4-beb0-a15e897cfb44	a5d1ded1-54cb-4e34-bec7-1194033ceae3	07939f9e-2613-4f3e-a870-6765f5a0f619	1	Aetna	W121253744	2026-04-26 20:31:53.533953+05	2026-04-26 20:31:53.536642+05	failed	page.goto: Target page, context or browser has been closed
1f566277-0d49-4f4a-babf-7d59236e1305	a5d1ded1-54cb-4e34-bec7-1194033ceae3	19ffb18a-483d-4e5e-b0d5-030e78d48e3c	1	Aetna	W271494145	2026-04-26 20:31:53.537727+05	2026-04-26 20:31:53.541569+05	failed	page.goto: Target page, context or browser has been closed
526f1ed4-4000-48e8-951a-7fca05deaeaf	a5d1ded1-54cb-4e34-bec7-1194033ceae3	9494ebb6-7307-430c-8512-0609395eaaec	1	Aetna	W287729449	2026-04-26 20:31:53.542432+05	2026-04-26 20:31:53.545162+05	failed	page.goto: Target page, context or browser has been closed
6a544771-5396-4970-82b2-061ceb45133d	a5d1ded1-54cb-4e34-bec7-1194033ceae3	89e9416c-496a-4397-8fed-e05113c5f7b3	1	Aetna	W295286861	2026-04-26 20:32:14.54208+05	2026-04-26 20:33:42.754155+05	failed	keyboard.type: Target page, context or browser has been closed
5d572181-45ae-446f-9b42-141687bb4e20	a5d1ded1-54cb-4e34-bec7-1194033ceae3	9d46a0f2-d240-4405-8233-774bc2bd70eb	1	Aetna	W268758807	2026-04-26 20:33:42.756452+05	2026-04-26 20:33:42.763165+05	failed	page.goto: Target page, context or browser has been closed
4be6d724-50a3-4924-b89c-e4266943e6b2	a5d1ded1-54cb-4e34-bec7-1194033ceae3	a1ae5215-d77a-41aa-88c3-3bb8a4c0a7b0	1	Aetna	W272552286	2026-04-26 20:33:42.76448+05	2026-04-26 20:33:42.768834+05	failed	page.goto: Target page, context or browser has been closed
67911439-7efd-40ee-9228-aed2bda4d7e5	a5d1ded1-54cb-4e34-bec7-1194033ceae3	45625d78-ab5d-4993-b323-ade096650c78	1	Aetna	W285350225	2026-04-26 20:33:42.770696+05	2026-04-26 20:33:42.775212+05	failed	page.goto: Target page, context or browser has been closed
06388c7a-4601-4eed-85ee-6fee0f2a54e4	a5d1ded1-54cb-4e34-bec7-1194033ceae3	9494ebb6-7307-430c-8512-0609395eaaec	1	Aetna	W287729449	2026-04-26 20:33:42.804169+05	2026-04-26 20:33:42.80846+05	failed	page.goto: Target page, context or browser has been closed
c67a429b-02ff-414e-b78e-01f2a9df8987	a5d1ded1-54cb-4e34-bec7-1194033ceae3	89e9416c-496a-4397-8fed-e05113c5f7b3	1	Aetna	W295286861	2026-04-26 20:33:46.236823+05	2026-04-26 20:35:44.382417+05	success	ok
f4f9da29-3d2d-4ddc-8ca7-b80843be4387	a5d1ded1-54cb-4e34-bec7-1194033ceae3	9d46a0f2-d240-4405-8233-774bc2bd70eb	1	Aetna	W268758807	2026-04-26 20:35:44.383297+05	2026-04-26 20:35:54.470072+05	failed	page.goto: Target page, context or browser has been closed
a55d3fef-b733-4c21-a8f1-694cf40fc74a	a5d1ded1-54cb-4e34-bec7-1194033ceae3	a1ae5215-d77a-41aa-88c3-3bb8a4c0a7b0	1	Aetna	W272552286	2026-04-26 20:35:54.471602+05	2026-04-26 20:35:54.475387+05	failed	page.goto: Target page, context or browser has been closed
80b6fa36-5d94-4499-b823-dbea709ad3ae	a5d1ded1-54cb-4e34-bec7-1194033ceae3	45625d78-ab5d-4993-b323-ade096650c78	1	Aetna	W285350225	2026-04-26 20:35:54.477402+05	2026-04-26 20:35:54.481679+05	failed	page.goto: Target page, context or browser has been closed
d466cb22-ded9-465f-a084-eff27299a710	a5d1ded1-54cb-4e34-bec7-1194033ceae3	ed03f8bb-75ac-4aee-9a30-33a7eeecd7e9	1	Aetna	W241471793	2026-04-26 20:35:54.482949+05	2026-04-26 20:35:54.487568+05	failed	page.goto: Target page, context or browser has been closed
c3826879-ca02-47e4-ae76-db31820fe985	a5d1ded1-54cb-4e34-bec7-1194033ceae3	ac3c9498-d915-402d-8ec5-0d228819b243	1	Aetna	W291258149	2026-04-26 20:35:54.488667+05	2026-04-26 20:35:54.492718+05	failed	page.goto: Target page, context or browser has been closed
c3d06754-03ed-480f-9b7c-73c6dcef44ad	a5d1ded1-54cb-4e34-bec7-1194033ceae3	cdfef521-5b15-4a37-86fe-fb05bf66dda4	1	Aetna	W273839330	2026-04-26 20:35:54.493855+05	2026-04-26 20:35:54.497612+05	failed	page.goto: Target page, context or browser has been closed
190921c9-2006-4a15-9980-95b6a6da2a52	a5d1ded1-54cb-4e34-bec7-1194033ceae3	07939f9e-2613-4f3e-a870-6765f5a0f619	1	Aetna	W121253744	2026-04-26 20:35:54.498937+05	2026-04-26 20:35:54.502525+05	failed	page.goto: Target page, context or browser has been closed
feec3e25-d8df-4adc-9200-2c58449bfd79	a5d1ded1-54cb-4e34-bec7-1194033ceae3	19ffb18a-483d-4e5e-b0d5-030e78d48e3c	1	Aetna	W271494145	2026-04-26 20:35:54.50375+05	2026-04-26 20:35:54.508126+05	failed	page.goto: Target page, context or browser has been closed
071cad6a-6050-4f8e-b154-4e4efdcbd559	a5d1ded1-54cb-4e34-bec7-1194033ceae3	9494ebb6-7307-430c-8512-0609395eaaec	1	Aetna	W287729449	2026-04-26 20:35:54.509094+05	2026-04-26 20:35:54.513271+05	failed	page.goto: Target page, context or browser has been closed
589a9d80-f183-4f62-b9fe-46a163268864	a5d1ded1-54cb-4e34-bec7-1194033ceae3	89e9416c-496a-4397-8fed-e05113c5f7b3	1	Aetna	W295286861	2026-04-26 20:36:06.74461+05	2026-04-26 20:38:03.355844+05	success	ok
9b7ffbf4-d66f-4356-89da-aca726a28bed	a5d1ded1-54cb-4e34-bec7-1194033ceae3	9d46a0f2-d240-4405-8233-774bc2bd70eb	1	Aetna	W268758807	2026-04-26 20:38:03.358032+05	2026-04-26 20:40:10.402332+05	success	ok
94fa3daf-2ee8-48f3-9e10-b2423fbb0375	a5d1ded1-54cb-4e34-bec7-1194033ceae3	a1ae5215-d77a-41aa-88c3-3bb8a4c0a7b0	1	Aetna	W272552286	2026-04-26 20:40:10.403628+05	2026-04-26 20:42:18.509054+05	success	ok
ccf3e146-ff9f-4903-a911-4bce4f750363	a5d1ded1-54cb-4e34-bec7-1194033ceae3	45625d78-ab5d-4993-b323-ade096650c78	1	Aetna	W285350225	2026-04-26 20:42:18.50985+05	2026-04-26 20:44:28.073621+05	success	ok
afb35199-6981-4413-97b2-2bffa7d8fd8f	a5d1ded1-54cb-4e34-bec7-1194033ceae3	ed03f8bb-75ac-4aee-9a30-33a7eeecd7e9	1	Aetna	W241471793	2026-04-26 20:44:28.074998+05	2026-04-26 20:46:09.33+05	failed	keyboard.press: Target page, context or browser has been closed
4652b5ef-a2cf-4463-9c40-6ee8cd9e7d3c	a5d1ded1-54cb-4e34-bec7-1194033ceae3	ac3c9498-d915-402d-8ec5-0d228819b243	1	Aetna	W291258149	2026-04-26 20:46:09.349435+05	2026-04-26 20:46:09.359079+05	failed	page.goto: Target page, context or browser has been closed
91c8a2ac-5b40-4797-a8f1-84c969362cca	a5d1ded1-54cb-4e34-bec7-1194033ceae3	cdfef521-5b15-4a37-86fe-fb05bf66dda4	1	Aetna	W273839330	2026-04-26 20:46:09.360239+05	2026-04-26 20:46:09.363193+05	failed	page.goto: Target page, context or browser has been closed
99bd1259-90a4-4902-a8fa-73c168635ff9	a5d1ded1-54cb-4e34-bec7-1194033ceae3	07939f9e-2613-4f3e-a870-6765f5a0f619	1	Aetna	W121253744	2026-04-26 20:46:09.36395+05	2026-04-26 20:46:09.365965+05	failed	page.goto: Target page, context or browser has been closed
29f58f6c-a9f7-4bc1-af12-53e2127af5ad	a5d1ded1-54cb-4e34-bec7-1194033ceae3	19ffb18a-483d-4e5e-b0d5-030e78d48e3c	1	Aetna	W271494145	2026-04-26 20:46:09.366866+05	2026-04-26 20:46:09.369397+05	failed	page.goto: Target page, context or browser has been closed
f4d84a86-43fe-4718-916b-d6dbda7d4864	a5d1ded1-54cb-4e34-bec7-1194033ceae3	9494ebb6-7307-430c-8512-0609395eaaec	1	Aetna	W287729449	2026-04-26 20:46:09.370126+05	2026-04-26 20:46:09.372191+05	failed	page.goto: Target page, context or browser has been closed
1e053ba1-03b3-457d-b72e-4f854efcc55a	a5d1ded1-54cb-4e34-bec7-1194033ceae3	89e9416c-496a-4397-8fed-e05113c5f7b3	1	Aetna	W295286861	2026-04-26 20:46:36.269981+05	2026-04-26 20:48:32.109572+05	success	ok
2a6c8d23-b5cc-4702-bcff-0045d532e635	a5d1ded1-54cb-4e34-bec7-1194033ceae3	9d46a0f2-d240-4405-8233-774bc2bd70eb	1	Aetna	W268758807	2026-04-26 20:48:32.110843+05	2026-04-26 20:50:39.900551+05	success	ok
1d7a1f31-1742-4e96-8d4b-67b960c2de36	a5d1ded1-54cb-4e34-bec7-1194033ceae3	a1ae5215-d77a-41aa-88c3-3bb8a4c0a7b0	1	Aetna	W272552286	2026-04-26 20:50:39.902429+05	2026-04-26 20:52:47.555976+05	success	ok
56fb5e00-752a-4140-a631-f3f137eb90e3	a5d1ded1-54cb-4e34-bec7-1194033ceae3	45625d78-ab5d-4993-b323-ade096650c78	1	Aetna	W285350225	2026-04-26 20:52:47.556913+05	2026-04-26 20:54:55.575529+05	success	ok
65c7c872-fcf1-4886-8b16-30c7a6ce5555	a5d1ded1-54cb-4e34-bec7-1194033ceae3	ed03f8bb-75ac-4aee-9a30-33a7eeecd7e9	1	Aetna	W241471793	2026-04-26 20:54:55.576593+05	2026-04-26 20:57:03.702471+05	success	ok
72e7c9d6-d79b-4a75-b42f-3be85469db31	a5d1ded1-54cb-4e34-bec7-1194033ceae3	ac3c9498-d915-402d-8ec5-0d228819b243	1	Aetna	W291258149	2026-04-26 20:57:03.703534+05	2026-04-26 20:59:12.187249+05	success	ok
754bd4f9-96a8-41eb-9353-1919311373fb	a5d1ded1-54cb-4e34-bec7-1194033ceae3	cdfef521-5b15-4a37-86fe-fb05bf66dda4	1	Aetna	W273839330	2026-04-26 20:59:12.188632+05	2026-04-26 21:01:29.867526+05	success	ok
affb90d2-0882-4112-86ae-7b6e07d44469	a5d1ded1-54cb-4e34-bec7-1194033ceae3	07939f9e-2613-4f3e-a870-6765f5a0f619	1	Aetna	W121253744	2026-04-26 21:01:29.869579+05	2026-04-26 21:03:48.517853+05	success	ok
657aa4cf-eaae-4706-88b9-f4692c0cacb0	a5d1ded1-54cb-4e34-bec7-1194033ceae3	19ffb18a-483d-4e5e-b0d5-030e78d48e3c	1	Aetna	W271494145	2026-04-26 21:03:48.518783+05	2026-04-26 21:05:56.596472+05	success	ok
9ae3583f-ff20-4b8a-b87c-3368222c630f	a5d1ded1-54cb-4e34-bec7-1194033ceae3	9494ebb6-7307-430c-8512-0609395eaaec	1	Aetna	W287729449	2026-04-26 21:05:56.598875+05	2026-04-26 21:08:04.449435+05	success	ok
\.


--
-- Data for Name: office_ally_credentials; Type: TABLE DATA; Schema: public; Owner: -
--

COPY public.office_ally_credentials (user_id, username, password, created_at, updated_at) FROM stdin;
a5d1ded1-54cb-4e34-bec7-1194033ceae3	HTBS2026	Billing@2026	2026-04-25 20:47:48.971178+05	2026-04-25 20:47:48.971178+05
\.


--
-- Data for Name: patient_insurance; Type: TABLE DATA; Schema: public; Owner: -
--

COPY public.patient_insurance (id, patient_id, coverage_rank, payer_name, member_id, plan_name, group_number, relationship, raw_payload, created_at, updated_at) FROM stdin;
cde7a271-db2b-4873-86b9-0f04feda4dc7	89e9416c-496a-4397-8fed-e05113c5f7b3	1	Aetna	W295286861	\N	\N	Self	{"groupNo": "", "planName": "", "insuredId": "155304246", "deductible": "", "visitCopay": "", "subscriberId": "W295286861", "insuranceName": "Aetna", "insuranceType": "Select Patient Insurance Type/Source of Payment", "signatureDate": "1/8/2026", "insuredLastName": "Alexander", "signatureOnFile": "Yes", "insuredFirstName": "Katherine", "insuranceCompanyId": "9574580", "relationshipToInsured": "Self"}	2026-04-26 03:28:16.884865+05	2026-04-26 03:34:40.047083+05
12429e43-e0c4-4f74-bd02-185ff64ab7cb	89e9416c-496a-4397-8fed-e05113c5f7b3	2	\N	\N	\N	\N	-- select one --	{"groupNo": "", "planName": "", "insuredId": "", "deductible": "", "visitCopay": "", "subscriberId": "", "insuranceName": "", "insuranceType": "Select Patient Insurance Type/Source of Payment", "signatureDate": "1/1/1900", "insuredLastName": "", "signatureOnFile": "No", "insuredFirstName": "", "insuranceCompanyId": "", "relationshipToInsured": "-- select one --"}	2026-04-26 03:28:16.884865+05	2026-04-26 03:34:40.047083+05
601a4edd-ec13-41bb-9c77-d49161d8125b	89e9416c-496a-4397-8fed-e05113c5f7b3	3	\N	\N	\N	\N	-- select one --	{"groupNo": "", "planName": "", "insuredId": "", "deductible": "", "visitCopay": "", "subscriberId": "", "insuranceName": "", "insuranceType": "Select Patient Insurance Type/Source of Payment", "insuredLastName": "", "insuredFirstName": "", "insuranceCompanyId": "", "relationshipToInsured": "-- select one --"}	2026-04-26 03:28:16.884865+05	2026-04-26 03:34:40.047083+05
9b853685-3a57-4ebc-91d5-6451100ddd61	9d46a0f2-d240-4405-8233-774bc2bd70eb	1	Aetna	W268758807	\N	\N	Self	{"groupNo": "", "planName": "", "insuredId": "155296034", "deductible": "", "visitCopay": "", "subscriberId": "W268758807", "insuranceName": "Aetna", "insuranceType": "Select Patient Insurance Type/Source of Payment", "signatureDate": "1/8/2026", "insuredLastName": "Anderson", "signatureOnFile": "Yes", "insuredFirstName": "Anayah", "insuranceCompanyId": "9574580", "relationshipToInsured": "Self"}	2026-04-26 03:28:16.884865+05	2026-04-26 03:34:40.047083+05
143b18a5-9fff-45c5-8028-3a5ef8221588	9d46a0f2-d240-4405-8233-774bc2bd70eb	2	\N	\N	\N	\N	-- select one --	{"groupNo": "", "planName": "", "insuredId": "", "deductible": "", "visitCopay": "", "subscriberId": "", "insuranceName": "", "insuranceType": "Select Patient Insurance Type/Source of Payment", "signatureDate": "1/1/1900", "insuredLastName": "", "signatureOnFile": "No", "insuredFirstName": "", "insuranceCompanyId": "", "relationshipToInsured": "-- select one --"}	2026-04-26 03:28:16.884865+05	2026-04-26 03:34:40.047083+05
72fbf0c8-8690-4f5c-a8a9-eb1ae6e7acb2	9d46a0f2-d240-4405-8233-774bc2bd70eb	3	\N	\N	\N	\N	-- select one --	{"groupNo": "", "planName": "", "insuredId": "", "deductible": "", "visitCopay": "", "subscriberId": "", "insuranceName": "", "insuranceType": "Select Patient Insurance Type/Source of Payment", "insuredLastName": "", "insuredFirstName": "", "insuranceCompanyId": "", "relationshipToInsured": "-- select one --"}	2026-04-26 03:28:16.884865+05	2026-04-26 03:34:40.047083+05
93c01391-3c5a-4e19-8692-62775d6a6659	a1ae5215-d77a-41aa-88c3-3bb8a4c0a7b0	1	Aetna	W272552286	\N	\N	Self	{"groupNo": "", "planName": "", "insuredId": "155304570", "deductible": "", "visitCopay": "", "subscriberId": "W272552286", "insuranceName": "Aetna", "insuranceType": "Select Patient Insurance Type/Source of Payment", "signatureDate": "1/8/2026", "insuredLastName": "Beecken", "signatureOnFile": "Yes", "insuredFirstName": "Cody", "insuranceCompanyId": "9574580", "relationshipToInsured": "Self"}	2026-04-26 03:28:16.884865+05	2026-04-26 03:34:40.047083+05
c2ae0477-2fc9-41a8-a219-5eae87c94f87	a1ae5215-d77a-41aa-88c3-3bb8a4c0a7b0	2	\N	\N	\N	\N	-- select one --	{"groupNo": "", "planName": "", "insuredId": "", "deductible": "", "visitCopay": "", "subscriberId": "", "insuranceName": "", "insuranceType": "Select Patient Insurance Type/Source of Payment", "signatureDate": "1/1/1900", "insuredLastName": "", "signatureOnFile": "No", "insuredFirstName": "", "insuranceCompanyId": "", "relationshipToInsured": "-- select one --"}	2026-04-26 03:28:16.884865+05	2026-04-26 03:34:40.047083+05
d6121f0d-1756-442b-9fe6-369e3540df66	a1ae5215-d77a-41aa-88c3-3bb8a4c0a7b0	3	\N	\N	\N	\N	-- select one --	{"groupNo": "", "planName": "", "insuredId": "", "deductible": "", "visitCopay": "", "subscriberId": "", "insuranceName": "", "insuranceType": "Select Patient Insurance Type/Source of Payment", "insuredLastName": "", "insuredFirstName": "", "insuranceCompanyId": "", "relationshipToInsured": "-- select one --"}	2026-04-26 03:28:16.884865+05	2026-04-26 03:34:40.047083+05
1c306603-7d48-4c1d-b526-814be4b4a0c1	45625d78-ab5d-4993-b323-ade096650c78	1	Aetna	W285350225	\N	\N	Self	{"groupNo": "", "planName": "", "insuredId": "151431255", "deductible": "", "visitCopay": "", "subscriberId": "W285350225", "insuranceName": "Aetna", "insuranceType": "Select Patient Insurance Type/Source of Payment", "signatureDate": "8/5/2025", "insuredLastName": "Akbas", "signatureOnFile": "Yes", "insuredFirstName": "Senem", "insuranceCompanyId": "9574580", "relationshipToInsured": "Self"}	2026-04-26 03:28:16.884865+05	2026-04-26 03:34:40.047083+05
a39f0f2d-a872-4b9d-b1c1-6e7cff52a377	45625d78-ab5d-4993-b323-ade096650c78	2	\N	\N	\N	\N	-- select one --	{"groupNo": "", "planName": "", "insuredId": "", "deductible": "", "visitCopay": "", "subscriberId": "", "insuranceName": "", "insuranceType": "Select Patient Insurance Type/Source of Payment", "signatureDate": "1/1/1900", "insuredLastName": "", "signatureOnFile": "No", "insuredFirstName": "", "insuranceCompanyId": "", "relationshipToInsured": "-- select one --"}	2026-04-26 03:28:16.884865+05	2026-04-26 03:34:40.047083+05
3ebb4fba-2b22-4bc0-a3f6-5e2d72c819ce	45625d78-ab5d-4993-b323-ade096650c78	3	\N	\N	\N	\N	-- select one --	{"groupNo": "", "planName": "", "insuredId": "", "deductible": "", "visitCopay": "", "subscriberId": "", "insuranceName": "", "insuranceType": "Select Patient Insurance Type/Source of Payment", "insuredLastName": "", "insuredFirstName": "", "insuranceCompanyId": "", "relationshipToInsured": "-- select one --"}	2026-04-26 03:28:16.884865+05	2026-04-26 03:34:40.047083+05
7cd09bf6-b9ce-42bb-befb-27f3894e02b6	ed03f8bb-75ac-4aee-9a30-33a7eeecd7e9	1	Aetna	W241471793	\N	\N	Self	{"groupNo": "", "planName": "", "insuredId": "151444043", "deductible": "", "visitCopay": "", "subscriberId": "W241471793", "insuranceName": "Aetna", "insuranceType": "Select Patient Insurance Type/Source of Payment", "signatureDate": "8/6/2025", "insuredLastName": "Breedlove", "signatureOnFile": "Yes", "insuredFirstName": "Bouchra", "insuranceCompanyId": "9574580", "relationshipToInsured": "Self"}	2026-04-26 03:28:16.884865+05	2026-04-26 03:34:40.047083+05
05c04752-0908-44a7-8a9d-e12f287825f2	ed03f8bb-75ac-4aee-9a30-33a7eeecd7e9	2	\N	\N	\N	\N	-- select one --	{"groupNo": "", "planName": "", "insuredId": "", "deductible": "", "visitCopay": "", "subscriberId": "", "insuranceName": "", "insuranceType": "Select Patient Insurance Type/Source of Payment", "signatureDate": "1/1/1900", "insuredLastName": "", "signatureOnFile": "No", "insuredFirstName": "", "insuranceCompanyId": "", "relationshipToInsured": "-- select one --"}	2026-04-26 03:28:16.884865+05	2026-04-26 03:34:40.047083+05
53b183da-e21a-4e11-b7c2-a76140a2313e	ed03f8bb-75ac-4aee-9a30-33a7eeecd7e9	3	\N	\N	\N	\N	-- select one --	{"groupNo": "", "planName": "", "insuredId": "", "deductible": "", "visitCopay": "", "subscriberId": "", "insuranceName": "", "insuranceType": "Select Patient Insurance Type/Source of Payment", "insuredLastName": "", "insuredFirstName": "", "insuranceCompanyId": "", "relationshipToInsured": "-- select one --"}	2026-04-26 03:28:16.884865+05	2026-04-26 03:34:40.047083+05
6a940267-0f17-460e-b443-b09a133e8ecd	ac3c9498-d915-402d-8ec5-0d228819b243	1	Aetna	W291258149	\N	\N	Self	{"groupNo": "", "planName": "", "insuredId": "155902445", "deductible": "", "visitCopay": "", "subscriberId": "W291258149", "insuranceName": "Aetna", "insuranceType": "Select Patient Insurance Type/Source of Payment", "signatureDate": "2/4/2026", "insuredLastName": "Gonzalez", "signatureOnFile": "Yes", "insuredFirstName": "Maggie", "insuranceCompanyId": "9574580", "relationshipToInsured": "Self"}	2026-04-26 03:28:16.884865+05	2026-04-26 03:34:40.047083+05
05092f30-c3cf-42bd-903b-36408a12c5d5	ac3c9498-d915-402d-8ec5-0d228819b243	2	\N	\N	\N	\N	-- select one --	{"groupNo": "", "planName": "", "insuredId": "", "deductible": "", "visitCopay": "", "subscriberId": "", "insuranceName": "", "insuranceType": "Select Patient Insurance Type/Source of Payment", "signatureDate": "1/1/1900", "insuredLastName": "", "signatureOnFile": "No", "insuredFirstName": "", "insuranceCompanyId": "", "relationshipToInsured": "-- select one --"}	2026-04-26 03:28:16.884865+05	2026-04-26 03:34:40.047083+05
ab3edb61-8c9c-4bdd-95fc-7544d67160dc	ac3c9498-d915-402d-8ec5-0d228819b243	3	\N	\N	\N	\N	-- select one --	{"groupNo": "", "planName": "", "insuredId": "", "deductible": "", "visitCopay": "", "subscriberId": "", "insuranceName": "", "insuranceType": "Select Patient Insurance Type/Source of Payment", "insuredLastName": "", "insuredFirstName": "", "insuranceCompanyId": "", "relationshipToInsured": "-- select one --"}	2026-04-26 03:28:16.884865+05	2026-04-26 03:34:40.047083+05
993cb4dd-fdd6-4caa-b6d7-ac9df2fe5ae9	cdfef521-5b15-4a37-86fe-fb05bf66dda4	1	Aetna	W273839330	\N	\N	Self	{"groupNo": "", "planName": "", "insuredId": "151849444", "deductible": "", "visitCopay": "", "subscriberId": "W273839330", "insuranceName": "Aetna", "insuranceType": "Select Patient Insurance Type/Source of Payment", "signatureDate": "8/21/2025", "insuredLastName": "Hatcher", "signatureOnFile": "Yes", "insuredFirstName": "Nikah", "insuranceCompanyId": "9574580", "relationshipToInsured": "Self"}	2026-04-26 03:28:16.884865+05	2026-04-26 03:34:40.047083+05
431f5fa6-70a1-4d59-9617-c7c892c858a9	cdfef521-5b15-4a37-86fe-fb05bf66dda4	2	\N	\N	\N	\N	-- select one --	{"groupNo": "", "planName": "", "insuredId": "", "deductible": "", "visitCopay": "", "subscriberId": "", "insuranceName": "", "insuranceType": "Select Patient Insurance Type/Source of Payment", "signatureDate": "1/1/1900", "insuredLastName": "", "signatureOnFile": "No", "insuredFirstName": "", "insuranceCompanyId": "", "relationshipToInsured": "-- select one --"}	2026-04-26 03:28:16.884865+05	2026-04-26 03:34:40.047083+05
cf421e1e-4cf8-420e-a4c1-4d4ba955f658	cdfef521-5b15-4a37-86fe-fb05bf66dda4	3	\N	\N	\N	\N	-- select one --	{"groupNo": "", "planName": "", "insuredId": "", "deductible": "", "visitCopay": "", "subscriberId": "", "insuranceName": "", "insuranceType": "Select Patient Insurance Type/Source of Payment", "insuredLastName": "", "insuredFirstName": "", "insuranceCompanyId": "", "relationshipToInsured": "-- select one --"}	2026-04-26 03:28:16.884865+05	2026-04-26 03:34:40.047083+05
64d34ae3-7055-44c4-8083-70701c1af165	07939f9e-2613-4f3e-a870-6765f5a0f619	1	Aetna	W121253744	\N	\N	Child	{"groupNo": "", "planName": "", "insuredId": "156597793", "deductible": "", "visitCopay": "", "subscriberId": "W121253744", "insuranceName": "Aetna", "insuranceType": "Select Patient Insurance Type/Source of Payment", "signatureDate": "3/6/2026", "insuredLastName": "Jondahl", "signatureOnFile": "Yes", "insuredFirstName": "Sherry", "insuranceCompanyId": "9574580", "relationshipToInsured": "Child"}	2026-04-26 03:28:16.884865+05	2026-04-26 03:34:40.047083+05
3ebc67ee-fec7-4a26-aefb-8244037010d0	07939f9e-2613-4f3e-a870-6765f5a0f619	2	\N	\N	\N	\N	-- select one --	{"groupNo": "", "planName": "", "insuredId": "", "deductible": "", "visitCopay": "", "subscriberId": "", "insuranceName": "", "insuranceType": "Select Patient Insurance Type/Source of Payment", "signatureDate": "1/1/1900", "insuredLastName": "", "signatureOnFile": "No", "insuredFirstName": "", "insuranceCompanyId": "", "relationshipToInsured": "-- select one --"}	2026-04-26 03:28:16.884865+05	2026-04-26 03:34:40.047083+05
3efc2bb2-9381-4847-943d-e96ddb3545d7	07939f9e-2613-4f3e-a870-6765f5a0f619	3	\N	\N	\N	\N	-- select one --	{"groupNo": "", "planName": "", "insuredId": "", "deductible": "", "visitCopay": "", "subscriberId": "", "insuranceName": "", "insuranceType": "Select Patient Insurance Type/Source of Payment", "insuredLastName": "", "insuredFirstName": "", "insuranceCompanyId": "", "relationshipToInsured": "-- select one --"}	2026-04-26 03:28:16.884865+05	2026-04-26 03:34:40.047083+05
4092bf25-5e75-4572-bf3b-943bcf0d9f47	19ffb18a-483d-4e5e-b0d5-030e78d48e3c	1	Aetna	W271494145	\N	\N	Self	{"groupNo": "", "planName": "", "insuredId": "155931293", "deductible": "", "visitCopay": "", "subscriberId": "W271494145", "insuranceName": "Aetna", "insuranceType": "Select Patient Insurance Type/Source of Payment", "signatureDate": "2/5/2026", "insuredLastName": "Kendricks", "signatureOnFile": "Yes", "insuredFirstName": "Precious", "insuranceCompanyId": "9574580", "relationshipToInsured": "Self"}	2026-04-26 03:28:16.884865+05	2026-04-26 03:34:40.047083+05
8069a898-26b5-4d93-b821-66699a751860	19ffb18a-483d-4e5e-b0d5-030e78d48e3c	2	\N	\N	\N	\N	-- select one --	{"groupNo": "", "planName": "", "insuredId": "", "deductible": "", "visitCopay": "", "subscriberId": "", "insuranceName": "", "insuranceType": "Select Patient Insurance Type/Source of Payment", "signatureDate": "1/1/1900", "insuredLastName": "", "signatureOnFile": "No", "insuredFirstName": "", "insuranceCompanyId": "", "relationshipToInsured": "-- select one --"}	2026-04-26 03:28:16.884865+05	2026-04-26 03:34:40.047083+05
bb5f1aa0-c9c4-4b88-84a7-b77e4c5ef1f4	19ffb18a-483d-4e5e-b0d5-030e78d48e3c	3	\N	\N	\N	\N	-- select one --	{"groupNo": "", "planName": "", "insuredId": "", "deductible": "", "visitCopay": "", "subscriberId": "", "insuranceName": "", "insuranceType": "Select Patient Insurance Type/Source of Payment", "insuredLastName": "", "insuredFirstName": "", "insuranceCompanyId": "", "relationshipToInsured": "-- select one --"}	2026-04-26 03:28:16.884865+05	2026-04-26 03:34:40.047083+05
8776ad95-dd6e-4aed-9dd2-2c8dbda50fa3	9494ebb6-7307-430c-8512-0609395eaaec	1	Aetna	W287729449	\N	\N	Self	{"groupNo": "", "planName": "", "insuredId": "155917440", "deductible": "", "visitCopay": "", "subscriberId": "W287729449", "insuranceName": "Aetna", "insuranceType": "Select Patient Insurance Type/Source of Payment", "signatureDate": "2/5/2026", "insuredLastName": "Keshav", "signatureOnFile": "Yes", "insuredFirstName": "Ritwik", "insuranceCompanyId": "9574580", "relationshipToInsured": "Self"}	2026-04-26 03:28:16.884865+05	2026-04-26 03:34:40.047083+05
f2b372bd-755a-4216-a264-11dcfbf5e8bd	9494ebb6-7307-430c-8512-0609395eaaec	2	\N	\N	\N	\N	-- select one --	{"groupNo": "", "planName": "", "insuredId": "", "deductible": "", "visitCopay": "", "subscriberId": "", "insuranceName": "", "insuranceType": "Select Patient Insurance Type/Source of Payment", "signatureDate": "1/1/1900", "insuredLastName": "", "signatureOnFile": "No", "insuredFirstName": "", "insuranceCompanyId": "", "relationshipToInsured": "-- select one --"}	2026-04-26 03:28:16.884865+05	2026-04-26 03:34:40.047083+05
7f144c73-5bbc-4667-a87c-e0aa4caeb5de	9494ebb6-7307-430c-8512-0609395eaaec	3	\N	\N	\N	\N	-- select one --	{"groupNo": "", "planName": "", "insuredId": "", "deductible": "", "visitCopay": "", "subscriberId": "", "insuranceName": "", "insuranceType": "Select Patient Insurance Type/Source of Payment", "insuredLastName": "", "insuredFirstName": "", "insuranceCompanyId": "", "relationshipToInsured": "-- select one --"}	2026-04-26 03:28:16.884865+05	2026-04-26 03:34:40.047083+05
6c780c2c-0e08-4999-880c-971144f908eb	6e24571c-35b8-47a5-a519-9505c37ccfa9	1	Aetna	W257645524	\N	052865901500003	Self	{"groupNo": "052865901500003", "planName": "", "insuredId": "155297580", "deductible": "", "visitCopay": "", "subscriberId": "W257645524", "insuranceName": "Aetna", "insuranceType": "Select Patient Insurance Type/Source of Payment", "signatureDate": "1/8/2026", "insuredLastName": "Beasley", "signatureOnFile": "Yes", "insuredFirstName": "Beth", "insuranceCompanyId": "9574580", "relationshipToInsured": "Self"}	2026-04-26 03:28:16.884865+05	2026-04-26 03:34:40.047083+05
76dd71de-ed4c-4cd6-b625-b4e792cfeca3	6e24571c-35b8-47a5-a519-9505c37ccfa9	2	\N	\N	\N	\N	-- select one --	{"groupNo": "", "planName": "", "insuredId": "", "deductible": "", "visitCopay": "", "subscriberId": "", "insuranceName": "", "insuranceType": "Select Patient Insurance Type/Source of Payment", "signatureDate": "1/1/1900", "insuredLastName": "", "signatureOnFile": "No", "insuredFirstName": "", "insuranceCompanyId": "", "relationshipToInsured": "-- select one --"}	2026-04-26 03:28:16.884865+05	2026-04-26 03:34:40.047083+05
16d6bea6-e21b-4502-b5fa-646b4e40ac99	6e24571c-35b8-47a5-a519-9505c37ccfa9	3	\N	\N	\N	\N	-- select one --	{"groupNo": "", "planName": "", "insuredId": "", "deductible": "", "visitCopay": "", "subscriberId": "", "insuranceName": "", "insuranceType": "Select Patient Insurance Type/Source of Payment", "insuredLastName": "", "insuredFirstName": "", "insuranceCompanyId": "", "relationshipToInsured": "-- select one --"}	2026-04-26 03:28:16.884865+05	2026-04-26 03:34:40.047083+05
177b6937-a70e-4690-bd7f-2d60d2572454	8919ad2e-a802-48d0-b97c-263f69200379	1	Aetna	W189379744	\N	\N	Self	{"groupNo": "", "planName": "", "insuredId": "155902846", "deductible": "", "visitCopay": "", "subscriberId": "W189379744", "insuranceName": "Aetna", "insuranceType": "Select Patient Insurance Type/Source of Payment", "signatureDate": "2/4/2026", "insuredLastName": "Maligie", "signatureOnFile": "Yes", "insuredFirstName": "Lauren", "insuranceCompanyId": "9574580", "relationshipToInsured": "Self"}	2026-04-26 03:28:16.884865+05	2026-04-26 03:34:40.047083+05
b921aca5-f661-4681-a6fe-e7e743f74de1	8919ad2e-a802-48d0-b97c-263f69200379	2	\N	\N	\N	\N	-- select one --	{"groupNo": "", "planName": "", "insuredId": "", "deductible": "", "visitCopay": "", "subscriberId": "", "insuranceName": "", "insuranceType": "Select Patient Insurance Type/Source of Payment", "signatureDate": "1/1/1900", "insuredLastName": "", "signatureOnFile": "No", "insuredFirstName": "", "insuranceCompanyId": "", "relationshipToInsured": "-- select one --"}	2026-04-26 03:28:16.884865+05	2026-04-26 03:34:40.047083+05
00df1d33-8e4a-4682-84c8-1d052adbf25d	8919ad2e-a802-48d0-b97c-263f69200379	3	\N	\N	\N	\N	-- select one --	{"groupNo": "", "planName": "", "insuredId": "", "deductible": "", "visitCopay": "", "subscriberId": "", "insuranceName": "", "insuranceType": "Select Patient Insurance Type/Source of Payment", "insuredLastName": "", "insuredFirstName": "", "insuranceCompanyId": "", "relationshipToInsured": "-- select one --"}	2026-04-26 03:28:16.884865+05	2026-04-26 03:34:40.047083+05
f6b2bb7d-d0a3-4cfd-8f62-9987209c73ea	a959bc65-5a2e-4d98-80e1-9218234c66c4	1	Aetna	W276180449	\N	\N	Self	{"groupNo": "", "planName": "", "insuredId": "155304318", "deductible": "", "visitCopay": "", "subscriberId": "W276180449", "insuranceName": "Aetna", "insuranceType": "Select Patient Insurance Type/Source of Payment", "signatureDate": "1/8/2026", "insuredLastName": "Meleen", "signatureOnFile": "Yes", "insuredFirstName": "Karlee", "insuranceCompanyId": "9574580", "relationshipToInsured": "Self"}	2026-04-26 03:28:16.884865+05	2026-04-26 03:34:40.047083+05
d6c8bcf2-061b-458c-b1f6-694841095b77	a959bc65-5a2e-4d98-80e1-9218234c66c4	2	\N	\N	\N	\N	-- select one --	{"groupNo": "", "planName": "", "insuredId": "", "deductible": "", "visitCopay": "", "subscriberId": "", "insuranceName": "", "insuranceType": "Select Patient Insurance Type/Source of Payment", "signatureDate": "1/1/1900", "insuredLastName": "", "signatureOnFile": "No", "insuredFirstName": "", "insuranceCompanyId": "", "relationshipToInsured": "-- select one --"}	2026-04-26 03:28:16.884865+05	2026-04-26 03:34:40.047083+05
a90a01c7-2864-4ed3-b7b1-771f4537f85f	a959bc65-5a2e-4d98-80e1-9218234c66c4	3	\N	\N	\N	\N	-- select one --	{"groupNo": "", "planName": "", "insuredId": "", "deductible": "", "visitCopay": "", "subscriberId": "", "insuranceName": "", "insuranceType": "Select Patient Insurance Type/Source of Payment", "insuredLastName": "", "insuredFirstName": "", "insuranceCompanyId": "", "relationshipToInsured": "-- select one --"}	2026-04-26 03:28:16.884865+05	2026-04-26 03:34:40.047083+05
57538342-c6a9-4f24-8389-19d2ae1a7fda	4b37f102-3bad-4ec4-a3fa-c9b9c66497c0	1	Aetna	W295480133	\N	\N	Self	{"groupNo": "", "planName": "", "insuredId": "156920756", "deductible": "", "visitCopay": "", "subscriberId": "W295480133", "insuranceName": "Aetna", "insuranceType": "Select Patient Insurance Type/Source of Payment", "signatureDate": "3/23/2026", "insuredLastName": "Murphy", "signatureOnFile": "Yes", "insuredFirstName": "Kelsey", "insuranceCompanyId": "9574580", "relationshipToInsured": "Self"}	2026-04-26 03:28:16.884865+05	2026-04-26 03:34:40.047083+05
1a6db560-c6e0-4b94-9dab-b6cae628295e	4b37f102-3bad-4ec4-a3fa-c9b9c66497c0	2	\N	\N	\N	\N	-- select one --	{"groupNo": "", "planName": "", "insuredId": "", "deductible": "", "visitCopay": "", "subscriberId": "", "insuranceName": "", "insuranceType": "Select Patient Insurance Type/Source of Payment", "signatureDate": "1/1/1900", "insuredLastName": "", "signatureOnFile": "No", "insuredFirstName": "", "insuranceCompanyId": "", "relationshipToInsured": "-- select one --"}	2026-04-26 03:28:16.884865+05	2026-04-26 03:34:40.047083+05
b793e8a7-f86e-46a4-b9ee-4c63166d9452	4b37f102-3bad-4ec4-a3fa-c9b9c66497c0	3	\N	\N	\N	\N	-- select one --	{"groupNo": "", "planName": "", "insuredId": "", "deductible": "", "visitCopay": "", "subscriberId": "", "insuranceName": "", "insuranceType": "Select Patient Insurance Type/Source of Payment", "insuredLastName": "", "insuredFirstName": "", "insuranceCompanyId": "", "relationshipToInsured": "-- select one --"}	2026-04-26 03:28:16.884865+05	2026-04-26 03:34:40.047083+05
\.


--
-- Data for Name: patients; Type: TABLE DATA; Schema: public; Owner: -
--

COPY public.patients (id, user_id, pm_patient_id, first_name, last_name, date_of_birth, phone_primary, email, raw_payload, created_at, updated_at) FROM stdin;
45625d78-ab5d-4993-b323-ade096650c78	a5d1ded1-54cb-4e34-bec7-1194033ceae3	151431255	Senem	Akbas	1980-03-14	\N	\N	{"Time": "::45", "Reason": "New Patient", "Status": "Active", "Provider": "Adriene Taulbee", "Last Name": "Akbas", "First Name": "Senem", "Patient ID": "151431255", "PatientUrl": "https://pm.officeally.com/pm/ManagePatients/EditPatient.aspx?Tab=P&PageAction=edit&PID=151431255&From=ViewAppointments", "RawPatient": "Akbas, Senem", "Visit Length": "15 mins", "Date Of Birth": "3/14/1980", "Appointment ID": "627649625", "patientDetails": {"patientTab": {"dob": "3/14/1980", "fax": "", "sex": "Female", "zip": "94303", "city": "Palo Alto", "race": "Select Race(s)", "email": "", "state": "CA", "lastName": "Akbas", "religion": "", "cellPhone": "", "ethnicity": "Select Ethnicity", "firstName": "Senem", "homePhone": "", "patientId": "151431255", "workPhone": "", "middleName": "", "addressLine1": "1075 Moreno Avenue", "addressLine2": "", "employerName": "", "maritalStatus": "Other", "nextOfKinName": "", "preferredPhone": "", "employmentStatus": "", "nextOfKinRelation": "", "preferredLanguage": "", "professionalTitle": "", "emergencyContactName": "", "communicationPreference": "", "emergencyContactRelation": ""}, "insuranceTab": {"thirdInsurance": {"groupNo": "", "planName": "", "insuredId": "", "deductible": "", "visitCopay": "", "subscriberId": "", "insuranceName": "", "insuranceType": "Select Patient Insurance Type/Source of Payment", "insuredLastName": "", "insuredFirstName": "", "insuranceCompanyId": "", "relationshipToInsured": "-- select one --"}, "primaryInsurance": {"groupNo": "", "planName": "", "insuredId": "151431255", "deductible": "", "visitCopay": "", "subscriberId": "W285350225", "insuranceName": "Aetna", "insuranceType": "Select Patient Insurance Type/Source of Payment", "signatureDate": "8/5/2025", "insuredLastName": "Akbas", "signatureOnFile": "Yes", "insuredFirstName": "Senem", "insuranceCompanyId": "9574580", "relationshipToInsured": "Self"}, "secondaryInsurance": {"groupNo": "", "planName": "", "insuredId": "", "deductible": "", "visitCopay": "", "subscriberId": "", "insuranceName": "", "insuranceType": "Select Patient Insurance Type/Source of Payment", "signatureDate": "1/1/1900", "insuredLastName": "", "signatureOnFile": "No", "insuredFirstName": "", "insuranceCompanyId": "", "relationshipToInsured": "-- select one --"}}}}	2026-04-26 03:28:16.884865+05	2026-04-26 03:34:40.047083+05
ed03f8bb-75ac-4aee-9a30-33a7eeecd7e9	a5d1ded1-54cb-4e34-bec7-1194033ceae3	151444043	Bouchra	Breedlove	1976-04-22	\N	\N	{"Time": "09::00", "Reason": "New Patient", "Status": "Active", "Provider": "Adriene Taulbee", "Last Name": "Breedlove", "First Name": "Bouchra", "Patient ID": "151444043", "PatientUrl": "https://pm.officeally.com/pm/ManagePatients/EditPatient.aspx?Tab=P&PageAction=edit&PID=151444043&From=ViewAppointments", "RawPatient": "Breedlove, Bouchra", "Visit Length": "15 mins", "Date Of Birth": "4/22/1976", "Appointment ID": "627649631", "patientDetails": {"patientTab": {"dob": "4/22/1976", "fax": "", "sex": "Female", "zip": "95404", "city": "SANTA ROSA", "race": "Select Race(s)", "email": "", "state": "CA", "lastName": "Breedlove", "religion": "", "cellPhone": "", "ethnicity": "Select Ethnicity", "firstName": "Bouchra", "homePhone": "", "patientId": "151444043", "workPhone": "", "middleName": "", "addressLine1": "1053 3rd Street", "addressLine2": "", "employerName": "", "maritalStatus": "Unknown", "nextOfKinName": "", "preferredPhone": "Home Phone", "employmentStatus": "Full time employed", "nextOfKinRelation": "", "preferredLanguage": "", "professionalTitle": "", "emergencyContactName": "", "communicationPreference": "", "emergencyContactRelation": ""}, "insuranceTab": {"thirdInsurance": {"groupNo": "", "planName": "", "insuredId": "", "deductible": "", "visitCopay": "", "subscriberId": "", "insuranceName": "", "insuranceType": "Select Patient Insurance Type/Source of Payment", "insuredLastName": "", "insuredFirstName": "", "insuranceCompanyId": "", "relationshipToInsured": "-- select one --"}, "primaryInsurance": {"groupNo": "", "planName": "", "insuredId": "151444043", "deductible": "", "visitCopay": "", "subscriberId": "W241471793", "insuranceName": "Aetna", "insuranceType": "Select Patient Insurance Type/Source of Payment", "signatureDate": "8/6/2025", "insuredLastName": "Breedlove", "signatureOnFile": "Yes", "insuredFirstName": "Bouchra", "insuranceCompanyId": "9574580", "relationshipToInsured": "Self"}, "secondaryInsurance": {"groupNo": "", "planName": "", "insuredId": "", "deductible": "", "visitCopay": "", "subscriberId": "", "insuranceName": "", "insuranceType": "Select Patient Insurance Type/Source of Payment", "signatureDate": "1/1/1900", "insuredLastName": "", "signatureOnFile": "No", "insuredFirstName": "", "insuranceCompanyId": "", "relationshipToInsured": "-- select one --"}}}}	2026-04-26 03:28:16.884865+05	2026-04-26 03:34:40.047083+05
cdfef521-5b15-4a37-86fe-fb05bf66dda4	a5d1ded1-54cb-4e34-bec7-1194033ceae3	151849444	Nikah	Hatcher	1994-06-16	\N	\N	{"Time": "::30", "Reason": "New Patient", "Status": "Active", "Provider": "Adriene Taulbee", "Last Name": "Hatcher", "First Name": "Nikah", "Patient ID": "151849444", "PatientUrl": "https://pm.officeally.com/pm/ManagePatients/EditPatient.aspx?Tab=P&PageAction=edit&PID=151849444&From=ViewAppointments", "RawPatient": "Hatcher, Nikah", "Visit Length": "15 mins", "Date Of Birth": "6/16/1994", "Appointment ID": "627649637", "patientDetails": {"patientTab": {"dob": "6/16/1994", "fax": "", "sex": "Female", "zip": "20002", "city": "Washington", "race": "Select Race(s)", "email": "", "state": "WA", "lastName": "Hatcher", "religion": "", "cellPhone": "", "ethnicity": "Select Ethnicity", "firstName": "Nikah", "homePhone": "", "patientId": "151849444", "workPhone": "", "middleName": "", "addressLine1": "1115 H Street NE,504", "addressLine2": "504", "employerName": "", "maritalStatus": "Married", "nextOfKinName": "", "preferredPhone": "", "employmentStatus": "", "nextOfKinRelation": "", "preferredLanguage": "", "professionalTitle": "", "emergencyContactName": "", "communicationPreference": "", "emergencyContactRelation": ""}, "insuranceTab": {"thirdInsurance": {"groupNo": "", "planName": "", "insuredId": "", "deductible": "", "visitCopay": "", "subscriberId": "", "insuranceName": "", "insuranceType": "Select Patient Insurance Type/Source of Payment", "insuredLastName": "", "insuredFirstName": "", "insuranceCompanyId": "", "relationshipToInsured": "-- select one --"}, "primaryInsurance": {"groupNo": "", "planName": "", "insuredId": "151849444", "deductible": "", "visitCopay": "", "subscriberId": "W273839330", "insuranceName": "Aetna", "insuranceType": "Select Patient Insurance Type/Source of Payment", "signatureDate": "8/21/2025", "insuredLastName": "Hatcher", "signatureOnFile": "Yes", "insuredFirstName": "Nikah", "insuranceCompanyId": "9574580", "relationshipToInsured": "Self"}, "secondaryInsurance": {"groupNo": "", "planName": "", "insuredId": "", "deductible": "", "visitCopay": "", "subscriberId": "", "insuranceName": "", "insuranceType": "Select Patient Insurance Type/Source of Payment", "signatureDate": "1/1/1900", "insuredLastName": "", "signatureOnFile": "No", "insuredFirstName": "", "insuranceCompanyId": "", "relationshipToInsured": "-- select one --"}}}}	2026-04-26 03:28:16.884865+05	2026-04-26 03:34:40.047083+05
9d46a0f2-d240-4405-8233-774bc2bd70eb	a5d1ded1-54cb-4e34-bec7-1194033ceae3	155296034	Anayah	Anderson	2001-08-07	\N	\N	{"Time": "::15", "Reason": "New Patient", "Status": "Active", "Provider": "Adriene Taulbee", "Last Name": "Anderson", "First Name": "Anayah", "Patient ID": "155296034", "PatientUrl": "https://pm.officeally.com/pm/ManagePatients/EditPatient.aspx?Tab=P&PageAction=edit&PID=155296034&From=ViewAppointments", "RawPatient": "Anderson, Anayah", "Visit Length": "15 mins", "Date Of Birth": "8/7/2001", "Appointment ID": "627649622", "patientDetails": {"patientTab": {"dob": "8/7/2001", "fax": "", "sex": "Male", "zip": "77469", "city": "RICHMOND", "race": "Select Race(s)", "email": "", "state": "TX", "lastName": "Anderson", "religion": "", "cellPhone": "", "ethnicity": "Select Ethnicity", "firstName": "Anayah", "homePhone": "", "patientId": "155296034", "workPhone": "", "middleName": "", "addressLine1": "5810 carta valley lane", "addressLine2": "", "employerName": "", "maritalStatus": "Married", "nextOfKinName": "", "preferredPhone": "", "employmentStatus": "", "nextOfKinRelation": "", "preferredLanguage": "", "professionalTitle": "", "emergencyContactName": "", "communicationPreference": "", "emergencyContactRelation": ""}, "insuranceTab": {"thirdInsurance": {"groupNo": "", "planName": "", "insuredId": "", "deductible": "", "visitCopay": "", "subscriberId": "", "insuranceName": "", "insuranceType": "Select Patient Insurance Type/Source of Payment", "insuredLastName": "", "insuredFirstName": "", "insuranceCompanyId": "", "relationshipToInsured": "-- select one --"}, "primaryInsurance": {"groupNo": "", "planName": "", "insuredId": "155296034", "deductible": "", "visitCopay": "", "subscriberId": "W268758807", "insuranceName": "Aetna", "insuranceType": "Select Patient Insurance Type/Source of Payment", "signatureDate": "1/8/2026", "insuredLastName": "Anderson", "signatureOnFile": "Yes", "insuredFirstName": "Anayah", "insuranceCompanyId": "9574580", "relationshipToInsured": "Self"}, "secondaryInsurance": {"groupNo": "", "planName": "", "insuredId": "", "deductible": "", "visitCopay": "", "subscriberId": "", "insuranceName": "", "insuranceType": "Select Patient Insurance Type/Source of Payment", "signatureDate": "1/1/1900", "insuredLastName": "", "signatureOnFile": "No", "insuredFirstName": "", "insuranceCompanyId": "", "relationshipToInsured": "-- select one --"}}}}	2026-04-26 03:28:16.884865+05	2026-04-26 03:34:40.047083+05
6e24571c-35b8-47a5-a519-9505c37ccfa9	a5d1ded1-54cb-4e34-bec7-1194033ceae3	155297580	Beth	Beasley	1967-05-14	\N	\N	{"Time": "::30", "Reason": "New Patient", "Status": "Active", "Provider": "Adriene Taulbee", "Last Name": "Beasley", "First Name": "Beth", "Patient ID": "155297580", "PatientUrl": "https://pm.officeally.com/pm/ManagePatients/EditPatient.aspx?Tab=P&PageAction=edit&PID=155297580&From=ViewAppointments", "RawPatient": "Beasley, Beth", "Visit Length": "15 mins", "Date Of Birth": "5/14/1967", "Appointment ID": "627649671", "patientDetails": {"patientTab": {"dob": "5/14/1967", "fax": "", "sex": "Female", "zip": "94041", "city": "Mountain View", "race": "Select Race(s)", "email": "", "state": "CA", "lastName": "Beasley", "religion": "", "cellPhone": "", "ethnicity": "Select Ethnicity", "firstName": "Beth", "homePhone": "", "patientId": "155297580", "workPhone": "", "middleName": "", "addressLine1": "392 Hope Street", "addressLine2": "Apt 4", "employerName": "", "maritalStatus": "Married", "nextOfKinName": "", "preferredPhone": "", "employmentStatus": "", "nextOfKinRelation": "", "preferredLanguage": "", "professionalTitle": "", "emergencyContactName": "", "communicationPreference": "", "emergencyContactRelation": ""}, "insuranceTab": {"thirdInsurance": {"groupNo": "", "planName": "", "insuredId": "", "deductible": "", "visitCopay": "", "subscriberId": "", "insuranceName": "", "insuranceType": "Select Patient Insurance Type/Source of Payment", "insuredLastName": "", "insuredFirstName": "", "insuranceCompanyId": "", "relationshipToInsured": "-- select one --"}, "primaryInsurance": {"groupNo": "052865901500003", "planName": "", "insuredId": "155297580", "deductible": "", "visitCopay": "", "subscriberId": "W257645524", "insuranceName": "Aetna", "insuranceType": "Select Patient Insurance Type/Source of Payment", "signatureDate": "1/8/2026", "insuredLastName": "Beasley", "signatureOnFile": "Yes", "insuredFirstName": "Beth", "insuranceCompanyId": "9574580", "relationshipToInsured": "Self"}, "secondaryInsurance": {"groupNo": "", "planName": "", "insuredId": "", "deductible": "", "visitCopay": "", "subscriberId": "", "insuranceName": "", "insuranceType": "Select Patient Insurance Type/Source of Payment", "signatureDate": "1/1/1900", "insuredLastName": "", "signatureOnFile": "No", "insuredFirstName": "", "insuranceCompanyId": "", "relationshipToInsured": "-- select one --"}}}}	2026-04-26 03:28:16.884865+05	2026-04-26 03:34:40.047083+05
89e9416c-496a-4397-8fed-e05113c5f7b3	a5d1ded1-54cb-4e34-bec7-1194033ceae3	155304246	Katherine	Alexander	1997-08-02	\N	\N	{"Time": "08::00", "Reason": "New Patient", "Status": "Active", "Provider": "Adriene Taulbee", "Last Name": "Alexander", "First Name": "Katherine", "Patient ID": "155304246", "PatientUrl": "https://pm.officeally.com/pm/ManagePatients/EditPatient.aspx?Tab=P&PageAction=edit&PID=155304246&From=ViewAppointments", "RawPatient": "Alexander, Katherine", "Visit Length": "15 mins", "Date Of Birth": "8/2/1997", "Appointment ID": "627649595", "patientDetails": {"patientTab": {"dob": "8/2/1997", "fax": "", "sex": "Female", "zip": "19104", "city": "Philadelphia", "race": "Select Race(s)", "email": "", "state": "PA", "lastName": "Alexander", "religion": "", "cellPhone": "", "ethnicity": "Select Ethnicity", "firstName": "Katherine", "homePhone": "", "patientId": "155304246", "workPhone": "", "middleName": "", "addressLine1": "4319 Pine Street", "addressLine2": "", "employerName": "", "maritalStatus": "Married", "nextOfKinName": "", "preferredPhone": "", "employmentStatus": "", "nextOfKinRelation": "", "preferredLanguage": "", "professionalTitle": "", "emergencyContactName": "", "communicationPreference": "", "emergencyContactRelation": ""}, "insuranceTab": {"thirdInsurance": {"groupNo": "", "planName": "", "insuredId": "", "deductible": "", "visitCopay": "", "subscriberId": "", "insuranceName": "", "insuranceType": "Select Patient Insurance Type/Source of Payment", "insuredLastName": "", "insuredFirstName": "", "insuranceCompanyId": "", "relationshipToInsured": "-- select one --"}, "primaryInsurance": {"groupNo": "", "planName": "", "insuredId": "155304246", "deductible": "", "visitCopay": "", "subscriberId": "W295286861", "insuranceName": "Aetna", "insuranceType": "Select Patient Insurance Type/Source of Payment", "signatureDate": "1/8/2026", "insuredLastName": "Alexander", "signatureOnFile": "Yes", "insuredFirstName": "Katherine", "insuranceCompanyId": "9574580", "relationshipToInsured": "Self"}, "secondaryInsurance": {"groupNo": "", "planName": "", "insuredId": "", "deductible": "", "visitCopay": "", "subscriberId": "", "insuranceName": "", "insuranceType": "Select Patient Insurance Type/Source of Payment", "signatureDate": "1/1/1900", "insuredLastName": "", "signatureOnFile": "No", "insuredFirstName": "", "insuranceCompanyId": "", "relationshipToInsured": "-- select one --"}}}}	2026-04-26 03:28:16.884865+05	2026-04-26 03:34:40.047083+05
a959bc65-5a2e-4d98-80e1-9218234c66c4	a5d1ded1-54cb-4e34-bec7-1194033ceae3	155304318	Karlee	Meleen	1997-12-27	\N	\N	{"Time": "11::00", "Reason": "New Patient", "Status": "Active", "Provider": "Adriene Taulbee", "Last Name": "Meleen", "First Name": "Karlee", "Patient ID": "155304318", "PatientUrl": "https://pm.officeally.com/pm/ManagePatients/EditPatient.aspx?Tab=P&PageAction=edit&PID=155304318&From=ViewAppointments", "RawPatient": "Meleen, Karlee", "Visit Length": "15 mins", "Date Of Birth": "12/27/1997", "Appointment ID": "627649682", "patientDetails": {"patientTab": {"dob": "12/27/1997", "fax": "", "sex": "Female", "zip": "95376", "city": "TRACY", "race": "Select Race(s)", "email": "", "state": "CA", "lastName": "Meleen", "religion": "", "cellPhone": "", "ethnicity": "Select Ethnicity", "firstName": "Karlee", "homePhone": "", "patientId": "155304318", "workPhone": "", "middleName": "", "addressLine1": "415 ACACIA STREET APARTMENT D", "addressLine2": "", "employerName": "", "maritalStatus": "Married", "nextOfKinName": "", "preferredPhone": "", "employmentStatus": "", "nextOfKinRelation": "", "preferredLanguage": "", "professionalTitle": "", "emergencyContactName": "", "communicationPreference": "", "emergencyContactRelation": ""}, "insuranceTab": {"thirdInsurance": {"groupNo": "", "planName": "", "insuredId": "", "deductible": "", "visitCopay": "", "subscriberId": "", "insuranceName": "", "insuranceType": "Select Patient Insurance Type/Source of Payment", "insuredLastName": "", "insuredFirstName": "", "insuranceCompanyId": "", "relationshipToInsured": "-- select one --"}, "primaryInsurance": {"groupNo": "", "planName": "", "insuredId": "155304318", "deductible": "", "visitCopay": "", "subscriberId": "W276180449", "insuranceName": "Aetna", "insuranceType": "Select Patient Insurance Type/Source of Payment", "signatureDate": "1/8/2026", "insuredLastName": "Meleen", "signatureOnFile": "Yes", "insuredFirstName": "Karlee", "insuranceCompanyId": "9574580", "relationshipToInsured": "Self"}, "secondaryInsurance": {"groupNo": "", "planName": "", "insuredId": "", "deductible": "", "visitCopay": "", "subscriberId": "", "insuranceName": "", "insuranceType": "Select Patient Insurance Type/Source of Payment", "signatureDate": "1/1/1900", "insuredLastName": "", "signatureOnFile": "No", "insuredFirstName": "", "insuranceCompanyId": "", "relationshipToInsured": "-- select one --"}}}}	2026-04-26 03:28:16.884865+05	2026-04-26 03:34:40.047083+05
a1ae5215-d77a-41aa-88c3-3bb8a4c0a7b0	a5d1ded1-54cb-4e34-bec7-1194033ceae3	155304570	Cody	Beecken	1995-02-16	\N	\N	{"Time": "::30", "Reason": "New Patient", "Status": "Active", "Provider": "Adriene Taulbee", "Last Name": "Beecken", "First Name": "Cody", "Patient ID": "155304570", "PatientUrl": "https://pm.officeally.com/pm/ManagePatients/EditPatient.aspx?Tab=P&PageAction=edit&PID=155304570&From=ViewAppointments", "RawPatient": "Beecken, Cody", "Visit Length": "15 mins", "Date Of Birth": "2/16/1995", "Appointment ID": "627649623", "patientDetails": {"patientTab": {"dob": "2/16/1995", "fax": "", "sex": "Female", "zip": "79714", "city": "ANDREWS", "race": "Select Race(s)", "email": "", "state": "TX", "lastName": "Beecken", "religion": "", "cellPhone": "", "ethnicity": "Select Ethnicity", "firstName": "Cody", "homePhone": "", "patientId": "155304570", "workPhone": "", "middleName": "", "addressLine1": "1201 Redwood Dr", "addressLine2": "", "employerName": "", "maritalStatus": "Married", "nextOfKinName": "", "preferredPhone": "", "employmentStatus": "", "nextOfKinRelation": "", "preferredLanguage": "", "professionalTitle": "", "emergencyContactName": "", "communicationPreference": "", "emergencyContactRelation": ""}, "insuranceTab": {"thirdInsurance": {"groupNo": "", "planName": "", "insuredId": "", "deductible": "", "visitCopay": "", "subscriberId": "", "insuranceName": "", "insuranceType": "Select Patient Insurance Type/Source of Payment", "insuredLastName": "", "insuredFirstName": "", "insuranceCompanyId": "", "relationshipToInsured": "-- select one --"}, "primaryInsurance": {"groupNo": "", "planName": "", "insuredId": "155304570", "deductible": "", "visitCopay": "", "subscriberId": "W272552286", "insuranceName": "Aetna", "insuranceType": "Select Patient Insurance Type/Source of Payment", "signatureDate": "1/8/2026", "insuredLastName": "Beecken", "signatureOnFile": "Yes", "insuredFirstName": "Cody", "insuranceCompanyId": "9574580", "relationshipToInsured": "Self"}, "secondaryInsurance": {"groupNo": "", "planName": "", "insuredId": "", "deductible": "", "visitCopay": "", "subscriberId": "", "insuranceName": "", "insuranceType": "Select Patient Insurance Type/Source of Payment", "signatureDate": "1/1/1900", "insuredLastName": "", "signatureOnFile": "No", "insuredFirstName": "", "insuranceCompanyId": "", "relationshipToInsured": "-- select one --"}}}}	2026-04-26 03:28:16.884865+05	2026-04-26 03:34:40.047083+05
ac3c9498-d915-402d-8ec5-0d228819b243	a5d1ded1-54cb-4e34-bec7-1194033ceae3	155902445	Maggie	Gonzalez	1987-09-11	\N	\N	{"Time": "::15", "Reason": "New Patient", "Status": "Active", "Provider": "Adriene Taulbee", "Last Name": "Gonzalez", "First Name": "Maggie", "Patient ID": "155902445", "PatientUrl": "https://pm.officeally.com/pm/ManagePatients/EditPatient.aspx?Tab=P&PageAction=edit&PID=155902445&From=ViewAppointments", "RawPatient": "Gonzalez, Maggie", "Visit Length": "15 mins", "Date Of Birth": "9/11/1987", "Appointment ID": "627649632", "patientDetails": {"patientTab": {"dob": "9/11/1987", "fax": "", "sex": "Female", "zip": "95448", "city": "Healdsburg", "race": "Select Race(s)", "email": "", "state": "CA", "lastName": "Gonzalez", "religion": "", "cellPhone": "", "ethnicity": "Select Ethnicity", "firstName": "Maggie", "homePhone": "", "patientId": "155902445", "workPhone": "", "middleName": "", "addressLine1": "412 North St", "addressLine2": "", "employerName": "", "maritalStatus": "Married", "nextOfKinName": "", "preferredPhone": "", "employmentStatus": "", "nextOfKinRelation": "", "preferredLanguage": "", "professionalTitle": "", "emergencyContactName": "", "communicationPreference": "", "emergencyContactRelation": ""}, "insuranceTab": {"thirdInsurance": {"groupNo": "", "planName": "", "insuredId": "", "deductible": "", "visitCopay": "", "subscriberId": "", "insuranceName": "", "insuranceType": "Select Patient Insurance Type/Source of Payment", "insuredLastName": "", "insuredFirstName": "", "insuranceCompanyId": "", "relationshipToInsured": "-- select one --"}, "primaryInsurance": {"groupNo": "", "planName": "", "insuredId": "155902445", "deductible": "", "visitCopay": "", "subscriberId": "W291258149", "insuranceName": "Aetna", "insuranceType": "Select Patient Insurance Type/Source of Payment", "signatureDate": "2/4/2026", "insuredLastName": "Gonzalez", "signatureOnFile": "Yes", "insuredFirstName": "Maggie", "insuranceCompanyId": "9574580", "relationshipToInsured": "Self"}, "secondaryInsurance": {"groupNo": "", "planName": "", "insuredId": "", "deductible": "", "visitCopay": "", "subscriberId": "", "insuranceName": "", "insuranceType": "Select Patient Insurance Type/Source of Payment", "signatureDate": "1/1/1900", "insuredLastName": "", "signatureOnFile": "No", "insuredFirstName": "", "insuranceCompanyId": "", "relationshipToInsured": "-- select one --"}}}}	2026-04-26 03:28:16.884865+05	2026-04-26 03:34:40.047083+05
8919ad2e-a802-48d0-b97c-263f69200379	a5d1ded1-54cb-4e34-bec7-1194033ceae3	155902846	Lauren	Maligie	1993-10-12	\N	\N	{"Time": "::45", "Reason": "New Patient", "Status": "Active", "Provider": "Adriene Taulbee", "Last Name": "Maligie", "First Name": "Lauren", "Patient ID": "155902846", "PatientUrl": "https://pm.officeally.com/pm/ManagePatients/EditPatient.aspx?Tab=P&PageAction=edit&PID=155902846&From=ViewAppointments", "RawPatient": "Maligie, Lauren", "Visit Length": "15 mins", "Date Of Birth": "10/12/1993", "Appointment ID": "627649678", "patientDetails": {"patientTab": {"dob": "10/12/1993", "fax": "", "sex": "Female", "zip": "95687", "city": "Vacaville", "race": "Select Race(s)", "email": "", "state": "CA", "lastName": "Maligie", "religion": "", "cellPhone": "", "ethnicity": "Select Ethnicity", "firstName": "Lauren", "homePhone": "", "patientId": "155902846", "workPhone": "", "middleName": "", "addressLine1": "1100 Farmington Dr", "addressLine2": "#6", "employerName": "", "maritalStatus": "Married", "nextOfKinName": "", "preferredPhone": "", "employmentStatus": "", "nextOfKinRelation": "", "preferredLanguage": "", "professionalTitle": "", "emergencyContactName": "", "communicationPreference": "", "emergencyContactRelation": ""}, "insuranceTab": {"thirdInsurance": {"groupNo": "", "planName": "", "insuredId": "", "deductible": "", "visitCopay": "", "subscriberId": "", "insuranceName": "", "insuranceType": "Select Patient Insurance Type/Source of Payment", "insuredLastName": "", "insuredFirstName": "", "insuranceCompanyId": "", "relationshipToInsured": "-- select one --"}, "primaryInsurance": {"groupNo": "", "planName": "", "insuredId": "155902846", "deductible": "", "visitCopay": "", "subscriberId": "W189379744", "insuranceName": "Aetna", "insuranceType": "Select Patient Insurance Type/Source of Payment", "signatureDate": "2/4/2026", "insuredLastName": "Maligie", "signatureOnFile": "Yes", "insuredFirstName": "Lauren", "insuranceCompanyId": "9574580", "relationshipToInsured": "Self"}, "secondaryInsurance": {"groupNo": "", "planName": "", "insuredId": "", "deductible": "", "visitCopay": "", "subscriberId": "", "insuranceName": "", "insuranceType": "Select Patient Insurance Type/Source of Payment", "signatureDate": "1/1/1900", "insuredLastName": "", "signatureOnFile": "No", "insuredFirstName": "", "insuranceCompanyId": "", "relationshipToInsured": "-- select one --"}}}}	2026-04-26 03:28:16.884865+05	2026-04-26 03:34:40.047083+05
9494ebb6-7307-430c-8512-0609395eaaec	a5d1ded1-54cb-4e34-bec7-1194033ceae3	155917440	Ritwik	Keshav	1992-07-01	\N	\N	{"Time": "::15", "Reason": "New Patient", "Status": "Active", "Provider": "Adriene Taulbee", "Last Name": "Keshav", "First Name": "Ritwik", "Patient ID": "155917440", "PatientUrl": "https://pm.officeally.com/pm/ManagePatients/EditPatient.aspx?Tab=P&PageAction=edit&PID=155917440&From=ViewAppointments", "RawPatient": "Keshav, Ritwik", "Visit Length": "15 mins", "Date Of Birth": "7/1/1992", "Appointment ID": "627649666", "patientDetails": {"patientTab": {"dob": "7/1/1992", "fax": "", "sex": "Male", "zip": "95126", "city": "SAN JOSE", "race": "Select Race(s)", "email": "", "state": "CA", "lastName": "Keshav", "religion": "", "cellPhone": "", "ethnicity": "Select Ethnicity", "firstName": "Ritwik", "homePhone": "", "patientId": "155917440", "workPhone": "", "middleName": "", "addressLine1": "1536 HESTER AVE", "addressLine2": "", "employerName": "", "maritalStatus": "Married", "nextOfKinName": "", "preferredPhone": "", "employmentStatus": "", "nextOfKinRelation": "", "preferredLanguage": "", "professionalTitle": "", "emergencyContactName": "", "communicationPreference": "", "emergencyContactRelation": ""}, "insuranceTab": {"thirdInsurance": {"groupNo": "", "planName": "", "insuredId": "", "deductible": "", "visitCopay": "", "subscriberId": "", "insuranceName": "", "insuranceType": "Select Patient Insurance Type/Source of Payment", "insuredLastName": "", "insuredFirstName": "", "insuranceCompanyId": "", "relationshipToInsured": "-- select one --"}, "primaryInsurance": {"groupNo": "", "planName": "", "insuredId": "155917440", "deductible": "", "visitCopay": "", "subscriberId": "W287729449", "insuranceName": "Aetna", "insuranceType": "Select Patient Insurance Type/Source of Payment", "signatureDate": "2/5/2026", "insuredLastName": "Keshav", "signatureOnFile": "Yes", "insuredFirstName": "Ritwik", "insuranceCompanyId": "9574580", "relationshipToInsured": "Self"}, "secondaryInsurance": {"groupNo": "", "planName": "", "insuredId": "", "deductible": "", "visitCopay": "", "subscriberId": "", "insuranceName": "", "insuranceType": "Select Patient Insurance Type/Source of Payment", "signatureDate": "1/1/1900", "insuredLastName": "", "signatureOnFile": "No", "insuredFirstName": "", "insuranceCompanyId": "", "relationshipToInsured": "-- select one --"}}}}	2026-04-26 03:28:16.884865+05	2026-04-26 03:34:40.047083+05
19ffb18a-483d-4e5e-b0d5-030e78d48e3c	a5d1ded1-54cb-4e34-bec7-1194033ceae3	155931293	Precious	Kendricks	1995-11-24	\N	\N	{"Time": "10::00", "Reason": "New Patient", "Status": "Active", "Provider": "Adriene Taulbee", "Last Name": "Kendricks", "First Name": "Precious", "Patient ID": "155931293", "PatientUrl": "https://pm.officeally.com/pm/ManagePatients/EditPatient.aspx?Tab=P&PageAction=edit&PID=155931293&From=ViewAppointments", "RawPatient": "Kendricks, Precious", "Visit Length": "15 mins", "Date Of Birth": "11/24/1995", "Appointment ID": "627649646", "patientDetails": {"patientTab": {"dob": "11/24/1995", "fax": "", "sex": "Female", "zip": "95351", "city": "MODESTO", "race": "Select Race(s)", "email": "", "state": "CA", "lastName": "Kendricks", "religion": "", "cellPhone": "", "ethnicity": "Select Ethnicity", "firstName": "Precious", "homePhone": "", "patientId": "155931293", "workPhone": "", "middleName": "", "addressLine1": "621 2ND ST UNIT A", "addressLine2": "", "employerName": "", "maritalStatus": "Married", "nextOfKinName": "", "preferredPhone": "", "employmentStatus": "", "nextOfKinRelation": "", "preferredLanguage": "", "professionalTitle": "", "emergencyContactName": "", "communicationPreference": "", "emergencyContactRelation": ""}, "insuranceTab": {"thirdInsurance": {"groupNo": "", "planName": "", "insuredId": "", "deductible": "", "visitCopay": "", "subscriberId": "", "insuranceName": "", "insuranceType": "Select Patient Insurance Type/Source of Payment", "insuredLastName": "", "insuredFirstName": "", "insuranceCompanyId": "", "relationshipToInsured": "-- select one --"}, "primaryInsurance": {"groupNo": "", "planName": "", "insuredId": "155931293", "deductible": "", "visitCopay": "", "subscriberId": "W271494145", "insuranceName": "Aetna", "insuranceType": "Select Patient Insurance Type/Source of Payment", "signatureDate": "2/5/2026", "insuredLastName": "Kendricks", "signatureOnFile": "Yes", "insuredFirstName": "Precious", "insuranceCompanyId": "9574580", "relationshipToInsured": "Self"}, "secondaryInsurance": {"groupNo": "", "planName": "", "insuredId": "", "deductible": "", "visitCopay": "", "subscriberId": "", "insuranceName": "", "insuranceType": "Select Patient Insurance Type/Source of Payment", "signatureDate": "1/1/1900", "insuredLastName": "", "signatureOnFile": "No", "insuredFirstName": "", "insuranceCompanyId": "", "relationshipToInsured": "-- select one --"}}}}	2026-04-26 03:28:16.884865+05	2026-04-26 03:34:40.047083+05
07939f9e-2613-4f3e-a870-6765f5a0f619	a5d1ded1-54cb-4e34-bec7-1194033ceae3	156597808	Isabella	Horvath	2002-03-27	\N	\N	{"Time": "::45", "Reason": "New Patient", "Status": "Active", "Provider": "Adriene Taulbee", "Last Name": "Horvath", "First Name": "Isabella", "Patient ID": "156597808", "PatientUrl": "https://pm.officeally.com/pm/ManagePatients/EditPatient.aspx?Tab=P&PageAction=edit&PID=156597808&From=ViewAppointments", "RawPatient": "Horvath, Isabella", "Visit Length": "15 mins", "Date Of Birth": "3/27/2002", "Appointment ID": "627649641", "patientDetails": {"patientTab": {"dob": "3/27/2002", "fax": "", "sex": "Female", "zip": "98106", "city": "SEATTLE", "race": "Select Race(s)", "email": "", "state": "CA", "lastName": "Horvath", "religion": "", "cellPhone": "", "ethnicity": "Select Ethnicity", "firstName": "Isabella", "homePhone": "", "patientId": "156597808", "workPhone": "", "middleName": "", "addressLine1": "4120 Delridge Way SW", "addressLine2": "Apt B", "employerName": "", "maritalStatus": "Married", "nextOfKinName": "", "preferredPhone": "", "employmentStatus": "", "nextOfKinRelation": "", "preferredLanguage": "", "professionalTitle": "", "emergencyContactName": "", "communicationPreference": "", "emergencyContactRelation": ""}, "insuranceTab": {"thirdInsurance": {"groupNo": "", "planName": "", "insuredId": "", "deductible": "", "visitCopay": "", "subscriberId": "", "insuranceName": "", "insuranceType": "Select Patient Insurance Type/Source of Payment", "insuredLastName": "", "insuredFirstName": "", "insuranceCompanyId": "", "relationshipToInsured": "-- select one --"}, "primaryInsurance": {"groupNo": "", "planName": "", "insuredId": "156597793", "deductible": "", "visitCopay": "", "subscriberId": "W121253744", "insuranceName": "Aetna", "insuranceType": "Select Patient Insurance Type/Source of Payment", "signatureDate": "3/6/2026", "insuredLastName": "Jondahl", "signatureOnFile": "Yes", "insuredFirstName": "Sherry", "insuranceCompanyId": "9574580", "relationshipToInsured": "Child"}, "secondaryInsurance": {"groupNo": "", "planName": "", "insuredId": "", "deductible": "", "visitCopay": "", "subscriberId": "", "insuranceName": "", "insuranceType": "Select Patient Insurance Type/Source of Payment", "signatureDate": "1/1/1900", "insuredLastName": "", "signatureOnFile": "No", "insuredFirstName": "", "insuranceCompanyId": "", "relationshipToInsured": "-- select one --"}}}}	2026-04-26 03:28:16.884865+05	2026-04-26 03:34:40.047083+05
4b37f102-3bad-4ec4-a3fa-c9b9c66497c0	a5d1ded1-54cb-4e34-bec7-1194033ceae3	156920756	Kelsey	Murphy	1998-12-02	\N	\N	{"Time": "::15", "Reason": "New Patient", "Status": "Active", "Provider": "Adriene Taulbee", "Last Name": "Murphy", "First Name": "Kelsey", "Patient ID": "156920756", "PatientUrl": "https://pm.officeally.com/pm/ManagePatients/EditPatient.aspx?Tab=P&PageAction=edit&PID=156920756&From=ViewAppointments", "RawPatient": "Murphy, Kelsey", "Visit Length": "15 mins", "Date Of Birth": "12/2/1998", "Appointment ID": "627649685", "patientDetails": {"patientTab": {"dob": "12/2/1998", "fax": "", "sex": "Female", "zip": "77084", "city": "Houston", "race": "Select Race(s)", "email": "", "state": "TX", "lastName": "Murphy", "religion": "", "cellPhone": "", "ethnicity": "Select Ethnicity", "firstName": "Kelsey", "homePhone": "", "patientId": "156920756", "workPhone": "", "middleName": "", "addressLine1": "1760 BARKER CYPRESS RD", "addressLine2": "APT 622", "employerName": "", "maritalStatus": "Married", "nextOfKinName": "", "preferredPhone": "", "employmentStatus": "", "nextOfKinRelation": "", "preferredLanguage": "", "professionalTitle": "", "emergencyContactName": "", "communicationPreference": "", "emergencyContactRelation": ""}, "insuranceTab": {"thirdInsurance": {"groupNo": "", "planName": "", "insuredId": "", "deductible": "", "visitCopay": "", "subscriberId": "", "insuranceName": "", "insuranceType": "Select Patient Insurance Type/Source of Payment", "insuredLastName": "", "insuredFirstName": "", "insuranceCompanyId": "", "relationshipToInsured": "-- select one --"}, "primaryInsurance": {"groupNo": "", "planName": "", "insuredId": "156920756", "deductible": "", "visitCopay": "", "subscriberId": "W295480133", "insuranceName": "Aetna", "insuranceType": "Select Patient Insurance Type/Source of Payment", "signatureDate": "3/23/2026", "insuredLastName": "Murphy", "signatureOnFile": "Yes", "insuredFirstName": "Kelsey", "insuranceCompanyId": "9574580", "relationshipToInsured": "Self"}, "secondaryInsurance": {"groupNo": "", "planName": "", "insuredId": "", "deductible": "", "visitCopay": "", "subscriberId": "", "insuranceName": "", "insuranceType": "Select Patient Insurance Type/Source of Payment", "signatureDate": "1/1/1900", "insuredLastName": "", "signatureOnFile": "No", "insuredFirstName": "", "insuranceCompanyId": "", "relationshipToInsured": "-- select one --"}}}}	2026-04-26 03:28:16.884865+05	2026-04-26 03:34:40.047083+05
\.


--
-- Data for Name: sync_requests; Type: TABLE DATA; Schema: public; Owner: -
--

COPY public.sync_requests (id, user_id, appointment_date, status, started_at, finished_at, message, created_at, current_stage) FROM stdin;
cfb6a3b5-5eaa-4c0e-84cf-5daebd048ac5	a5d1ded1-54cb-4e34-bec7-1194033ceae3	2026-04-23	failed	2026-04-26 20:46:16.936298+05	2026-04-26 20:46:24.044397+05	page.goto: Target page, context or browser has been closed\nCall log:\n  - navigating to "https://essentials.availity.com/static/public/onb/onboarding-ui-apps/availity-fr-ui/#/login", waiting until "domcontentloaded"\n	2026-04-26 20:46:16.936298+05	availity
7c1e7940-8e82-458e-829d-856441c59a84	a5d1ded1-54cb-4e34-bec7-1194033ceae3	2026-04-23	failed	2026-04-26 03:27:22.137852+05	\N	Office Ally: saved 14 appointments. Availity: starting	2026-04-26 03:27:22.137852+05	availity
080ab273-3dbf-4e86-813f-f6a1d446bba2	a5d1ded1-54cb-4e34-bec7-1194033ceae3	2026-04-23	success	2026-04-26 03:33:44.658225+05	2026-04-26 03:34:40.14113+05	Office Ally complete: saved 14 appointments	2026-04-26 03:33:44.658225+05	complete
aa961520-0253-418a-a591-175f6db80c16	a5d1ded1-54cb-4e34-bec7-1194033ceae3	2026-04-23	success	2026-04-26 20:46:27.048333+05	2026-04-26 21:08:04.450443+05	Complete: Availity processed=10 (ok=10)	2026-04-26 20:46:27.048333+05	complete
15e9a6ce-282a-45dc-90f1-a8dbd775846b	a5d1ded1-54cb-4e34-bec7-1194033ceae3	2026-04-24	failed	2026-04-26 20:16:15.917439+05	2026-04-26 20:17:13.733805+05	Availity login: user input not visible after wait. URL=https://essentials.availity.com/static/public/onb/onboarding-ui-apps/availity-fr-ui/#/login selectors=input[name="username"] count=0 | input#username count=0 | input#userId count=0 | input[name="userId"] count=0 | input[autocomplete="username"] count=0	2026-04-26 20:16:15.917439+05	availity
c60a907c-0edb-4cf0-a6a4-a1aa571feb93	a5d1ded1-54cb-4e34-bec7-1194033ceae3	2026-04-24	success	2026-04-26 20:17:30.276417+05	2026-04-26 20:18:57.642688+05	Complete: Availity skipped: no patients with DOB+primary insurance+member_id	2026-04-26 20:17:30.276417+05	complete
6471a2bf-a7a4-42ab-86e8-09b5e68a3f62	a5d1ded1-54cb-4e34-bec7-1194033ceae3	2026-04-23	success	2026-04-26 03:03:34.145787+05	2026-04-26 03:04:28.037677+05	Office Ally complete: saved 14 appointments	2026-04-26 03:03:34.145787+05	complete
0f8866fc-a79f-4000-99c5-71c2b5312bf7	a5d1ded1-54cb-4e34-bec7-1194033ceae3	2026-04-23	success	2026-04-26 03:05:59.290421+05	2026-04-26 03:06:56.448249+05	Office Ally complete: saved 14 appointments	2026-04-26 03:05:59.290421+05	complete
e8f7ddf4-124f-4c39-b9c4-7773aadb1c50	a5d1ded1-54cb-4e34-bec7-1194033ceae3	2026-04-23	failed	2026-04-26 03:08:37.509844+05	2026-04-26 03:21:10.448546+05	cleared before eligibility retest	2026-04-26 03:08:37.509844+05	availity
695ec5ff-11fb-41ec-8bad-73627ee12462	a5d1ded1-54cb-4e34-bec7-1194033ceae3	2026-04-23	success	2026-04-26 20:24:27.085937+05	2026-04-26 20:31:53.546166+05	Complete: Availity processed=10 (ok=3)	2026-04-26 20:24:27.085937+05	complete
8f7c26b6-989e-4868-8f8d-284e41b31935	a5d1ded1-54cb-4e34-bec7-1194033ceae3	2026-04-23	success	2026-04-26 03:21:20.916353+05	2026-04-26 03:25:04.309069+05	Complete: Availity processed=10 (ok=1)	2026-04-26 03:21:20.916353+05	complete
13eaa110-c2ee-47ad-b849-94926005e0e9	a5d1ded1-54cb-4e34-bec7-1194033ceae3	2026-04-23	success	2026-04-26 20:32:04.610577+05	2026-04-26 20:33:42.810043+05	Complete: Availity processed=10 (ok=0)	2026-04-26 20:32:04.610577+05	complete
0c0ee6c5-9e9c-4657-aab4-d4515ed8c828	a5d1ded1-54cb-4e34-bec7-1194033ceae3	2026-04-23	success	2026-04-26 20:33:36.322086+05	2026-04-26 20:35:54.51428+05	Complete: Availity processed=10 (ok=1)	2026-04-26 20:33:36.322086+05	complete
a03b77df-b75b-4fd1-a382-7e8e1e4f9ffb	a5d1ded1-54cb-4e34-bec7-1194033ceae3	2026-04-23	success	2026-04-26 20:35:57.243801+05	2026-04-26 20:46:09.372891+05	Complete: Availity processed=10 (ok=4)	2026-04-26 20:35:57.243801+05	complete
\.


--
-- Data for Name: users; Type: TABLE DATA; Schema: public; Owner: -
--

COPY public.users (id, email, full_name, password_hash, is_active, created_at, updated_at, role) FROM stdin;
a5d1ded1-54cb-4e34-bec7-1194033ceae3	demo@nexxaura.com	Demo User	$2b$10$6G8DjeR65W1.4jYjMJr7BOOAkahhuCo9T11y.6YWItNG0WEM.t/ia	t	2026-04-24 22:20:06.042843+05	2026-04-24 22:20:06.042843+05	staff
\.


--
-- Name: appointments appointments_pkey; Type: CONSTRAINT; Schema: public; Owner: -
--

ALTER TABLE ONLY public.appointments
    ADD CONSTRAINT appointments_pkey PRIMARY KEY (id);


--
-- Name: appointments appointments_user_id_pm_appointment_id_key; Type: CONSTRAINT; Schema: public; Owner: -
--

ALTER TABLE ONLY public.appointments
    ADD CONSTRAINT appointments_user_id_pm_appointment_id_key UNIQUE (user_id, pm_appointment_id);


--
-- Name: availity_credentials availity_credentials_pkey; Type: CONSTRAINT; Schema: public; Owner: -
--

ALTER TABLE ONLY public.availity_credentials
    ADD CONSTRAINT availity_credentials_pkey PRIMARY KEY (user_id);


--
-- Name: availity_eligibility_results availity_eligibility_results_pkey; Type: CONSTRAINT; Schema: public; Owner: -
--

ALTER TABLE ONLY public.availity_eligibility_results
    ADD CONSTRAINT availity_eligibility_results_pkey PRIMARY KEY (id);


--
-- Name: availity_eligibility_runs availity_eligibility_runs_pkey; Type: CONSTRAINT; Schema: public; Owner: -
--

ALTER TABLE ONLY public.availity_eligibility_runs
    ADD CONSTRAINT availity_eligibility_runs_pkey PRIMARY KEY (id);


--
-- Name: office_ally_credentials office_ally_credentials_pkey; Type: CONSTRAINT; Schema: public; Owner: -
--

ALTER TABLE ONLY public.office_ally_credentials
    ADD CONSTRAINT office_ally_credentials_pkey PRIMARY KEY (user_id);


--
-- Name: patient_insurance patient_insurance_patient_id_coverage_rank_key; Type: CONSTRAINT; Schema: public; Owner: -
--

ALTER TABLE ONLY public.patient_insurance
    ADD CONSTRAINT patient_insurance_patient_id_coverage_rank_key UNIQUE (patient_id, coverage_rank);


--
-- Name: patient_insurance patient_insurance_pkey; Type: CONSTRAINT; Schema: public; Owner: -
--

ALTER TABLE ONLY public.patient_insurance
    ADD CONSTRAINT patient_insurance_pkey PRIMARY KEY (id);


--
-- Name: patients patients_pkey; Type: CONSTRAINT; Schema: public; Owner: -
--

ALTER TABLE ONLY public.patients
    ADD CONSTRAINT patients_pkey PRIMARY KEY (id);


--
-- Name: patients patients_user_id_pm_patient_id_key; Type: CONSTRAINT; Schema: public; Owner: -
--

ALTER TABLE ONLY public.patients
    ADD CONSTRAINT patients_user_id_pm_patient_id_key UNIQUE (user_id, pm_patient_id);


--
-- Name: sync_requests sync_requests_pkey; Type: CONSTRAINT; Schema: public; Owner: -
--

ALTER TABLE ONLY public.sync_requests
    ADD CONSTRAINT sync_requests_pkey PRIMARY KEY (id);


--
-- Name: users users_email_key; Type: CONSTRAINT; Schema: public; Owner: -
--

ALTER TABLE ONLY public.users
    ADD CONSTRAINT users_email_key UNIQUE (email);


--
-- Name: users users_pkey; Type: CONSTRAINT; Schema: public; Owner: -
--

ALTER TABLE ONLY public.users
    ADD CONSTRAINT users_pkey PRIMARY KEY (id);


--
-- Name: idx_availity_results_run; Type: INDEX; Schema: public; Owner: -
--

CREATE INDEX idx_availity_results_run ON public.availity_eligibility_results USING btree (run_id);


--
-- Name: idx_availity_runs_user_patient; Type: INDEX; Schema: public; Owner: -
--

CREATE INDEX idx_availity_runs_user_patient ON public.availity_eligibility_runs USING btree (user_id, patient_id, started_at DESC);


--
-- Name: idx_sync_user_active; Type: INDEX; Schema: public; Owner: -
--

CREATE INDEX idx_sync_user_active ON public.sync_requests USING btree (user_id) WHERE (status = ANY (ARRAY['running'::text, 'awaiting_otp'::text]));


--
-- Name: uq_one_active_sync_per_user; Type: INDEX; Schema: public; Owner: -
--

CREATE UNIQUE INDEX uq_one_active_sync_per_user ON public.sync_requests USING btree (user_id) WHERE (status = ANY (ARRAY['running'::text, 'awaiting_otp'::text]));


--
-- Name: appointments appointments_patient_id_fkey; Type: FK CONSTRAINT; Schema: public; Owner: -
--

ALTER TABLE ONLY public.appointments
    ADD CONSTRAINT appointments_patient_id_fkey FOREIGN KEY (patient_id) REFERENCES public.patients(id) ON DELETE CASCADE;


--
-- Name: appointments appointments_sync_request_id_fkey; Type: FK CONSTRAINT; Schema: public; Owner: -
--

ALTER TABLE ONLY public.appointments
    ADD CONSTRAINT appointments_sync_request_id_fkey FOREIGN KEY (sync_request_id) REFERENCES public.sync_requests(id) ON DELETE CASCADE;


--
-- Name: appointments appointments_user_id_fkey; Type: FK CONSTRAINT; Schema: public; Owner: -
--

ALTER TABLE ONLY public.appointments
    ADD CONSTRAINT appointments_user_id_fkey FOREIGN KEY (user_id) REFERENCES public.users(id) ON DELETE CASCADE;


--
-- Name: availity_credentials availity_credentials_user_id_fkey; Type: FK CONSTRAINT; Schema: public; Owner: -
--

ALTER TABLE ONLY public.availity_credentials
    ADD CONSTRAINT availity_credentials_user_id_fkey FOREIGN KEY (user_id) REFERENCES public.users(id) ON DELETE CASCADE;


--
-- Name: availity_eligibility_results availity_eligibility_results_run_id_fkey; Type: FK CONSTRAINT; Schema: public; Owner: -
--

ALTER TABLE ONLY public.availity_eligibility_results
    ADD CONSTRAINT availity_eligibility_results_run_id_fkey FOREIGN KEY (run_id) REFERENCES public.availity_eligibility_runs(id) ON DELETE CASCADE;


--
-- Name: availity_eligibility_runs availity_eligibility_runs_patient_id_fkey; Type: FK CONSTRAINT; Schema: public; Owner: -
--

ALTER TABLE ONLY public.availity_eligibility_runs
    ADD CONSTRAINT availity_eligibility_runs_patient_id_fkey FOREIGN KEY (patient_id) REFERENCES public.patients(id) ON DELETE CASCADE;


--
-- Name: availity_eligibility_runs availity_eligibility_runs_user_id_fkey; Type: FK CONSTRAINT; Schema: public; Owner: -
--

ALTER TABLE ONLY public.availity_eligibility_runs
    ADD CONSTRAINT availity_eligibility_runs_user_id_fkey FOREIGN KEY (user_id) REFERENCES public.users(id) ON DELETE CASCADE;


--
-- Name: office_ally_credentials office_ally_credentials_user_id_fkey; Type: FK CONSTRAINT; Schema: public; Owner: -
--

ALTER TABLE ONLY public.office_ally_credentials
    ADD CONSTRAINT office_ally_credentials_user_id_fkey FOREIGN KEY (user_id) REFERENCES public.users(id) ON DELETE CASCADE;


--
-- Name: patient_insurance patient_insurance_patient_id_fkey; Type: FK CONSTRAINT; Schema: public; Owner: -
--

ALTER TABLE ONLY public.patient_insurance
    ADD CONSTRAINT patient_insurance_patient_id_fkey FOREIGN KEY (patient_id) REFERENCES public.patients(id) ON DELETE CASCADE;


--
-- Name: sync_requests sync_requests_user_id_fkey; Type: FK CONSTRAINT; Schema: public; Owner: -
--

ALTER TABLE ONLY public.sync_requests
    ADD CONSTRAINT sync_requests_user_id_fkey FOREIGN KEY (user_id) REFERENCES public.users(id) ON DELETE CASCADE;


--
-- PostgreSQL database dump complete
--

